file_name,gt_lines,ocr_lines,matched_lines,mean_cer,mean_wer,mean_char_acc,mean_word_acc,ocr_tesseract_psm1,category,recognition_rate
0001.jpg,6,8,4,0.3518518518518518,0.4166666666666667,0.6568627450980392,0.6666666666666666,"['  ', '   ', 'ÄCHCAFE—&', 'aHTSFELER', 'DIENSTAG 21.12.', 'OLOF-PALME ZENTRUM —', '19 UHR', 'WIR FREUEN UNS AUF EUCH!']",noisy,0.6666666666666666
0002.jpg,7,5,3,0.5714285714285714,0.5714285714285714,0.4285714285714285,0.4285714285714285,"['#SOLIDARITÄT MIT ALLEN!', 'BERICHTE: WIE WAR DIE BERLIN-DEMO WIRKLICH?', 'Dresden, Großer Garten, 8.8. um 16 Uhr', 'CT', ' ']",noisy,0.42857142857142855
0003.jpg,11,16,5,0.5895388395388396,0.6212121212121212,0.4141001855287569,0.2727272727272727,"['Gedenkkundgebung und', 'antifaschistische Demonstration', ')) Mahnmal Levetzowstraße, Berlin-Moabit', '9. November', '  ', '  ', '18:00 Uhr', '  ', ' ', '& [Sj', 'WWIEDER GEBGHEHEN.', '|', ' ', '85 Jahre nach den Novemberpogromen;', 'Solidarität mit den Opfern des', 'Onovember.blackblogs.org deutschen Antisemitismus und Rassismus!']",noisy,0.45454545454545453
0004.jpg,11,5,1,0.9435736677115988,1.0,0.0594405594405594,0.0,"[' ', 'Ö', 'A JEDEIR IST o-LS%WILLKQMMENLÄ', 'S', ' ']",noisy,0.09090909090909091
0006.jpg,8,4,2,0.79,0.7916666666666666,0.20625,0.125,"['Aul', 'DEMO GEGEN GENTRIFIZIERUNG', 'Na 2022 / 15:00 UHR', '   ']",noisy,0.25
0007.jpg,6,1,0,1.0,1.0,0.0,0.0,[' '],noisy,0.0
0009.jpg,15,3,0,1.0,1.0,0.0,0.0,"[' ', "">|\\g|_ASÜI:'GEI5!REM"", ' ']",noisy,0.0
0010.jpg,4,7,4,0.1369318181818181,0.8333333333333334,0.8595959595959596,0.1666666666666666,"['  ', ' ', ' ', 'GRU#@ESETZ', 'MEDITARION', '02.05/2020 15:30 UHR', 'REWELBLIESKÄASTEL']",noisy,1.0
0011.jpg,7,11,0,1.0,1.0,0.0,0.0,"['  ', '  ', ' ', '   ', '  ', '   ', 'Z Am II |anuar 2025 al', '\\A 5E S 5', 'C „55*_«‚w nach Riesa ; f jg% A', '(""‚l ?\'?;v„„-', '  ']",noisy,0.0
0012.jpg,10,17,4,0.6271708683473389,0.6547619047619048,0.3766812865497077,0.3,"[' ', ' ', ' ', ' ', ' ', '@@äﬁ OKRATISCHER', 'www.nichtohneuns.de', '!_ in Berlin 29. August 20202 Großdemo mit bis zu 5.000.000 Teilnehmern.', ' ', '    ', ' ', 'Saturday, the 29.8.2020', 'Berlin invites Europe .', ' ', ' ', ' ', ' ']",noisy,0.4
0013.jpg,9,8,4,0.5717592592592592,0.6444444444444444,0.4326599326599326,0.3111111111111111,"['BERLIN oer: oranıeNPLATZ', '19.FEB - 14 UHR', 'ERINNERN HEISST KÄMPFEN!', ' ', 'WIR FORDERN EINE LÜCKENLOSE AUFKLÄRUNG UND KONSEQUENZEN!', 'RASSISMUS UND FASCHISMUS ENTSCHLOSSEN BEKAMPFEN!', 'E A', 'WE B l T mi ] ®']",noisy,0.4444444444444444
0014.jpg,8,1,0,1.0,1.0,0.0,0.0,[' '],noisy,0.0
0015.jpg,5,5,0,1.0,1.0,0.0,0.0,"['e NESSE', '‘aHN SL', ' ', ' ', 'g INNAC 82 *X]']",noisy,0.0
0016.jpg,10,11,6,0.4635632183908045,0.65,0.5646638655462185,0.4,"[' ', 'Bau dein eigenen PC und Smartphone', 'Wo?', '? Mittelpunktbibliothek Treptow', 'PS: Alte/eigene Geräte können', 'Wann? ;', 'zum erforschen mitgebracht', 'O samstag 16.11.2024', '. werden!', '*11 bis 13 Uhr', ' ']",noisy,0.6
0017.jpg,10,18,7,0.3439814814814815,0.4833333333333333,0.6628449197860963,0.5333333333333333,"[' ', '78 Ian', ""— Befreiung vom Fasch]H'nus"", 'TE ‚x heifst', 'ER', ' ', '   ', '     ', ' ', ' ', '   ', 'Sa, 08.05.2021', 'Gedenken 10:00-18:00 Uhr', 'Sowjetisches Ehrenmahl Buch', 'Kundgebung 15:00 Uhr', 'Vortreffungpunkt 14:30 Uhr', 'Bahnsteig S-Pankow L', ' ']",noisy,0.7
0018.jpeg,8,9,2,0.795138888888889,0.9583333333333331,0.2092245989304813,0.0416666666666666,"[""A-  nlmpfpfhcht'"", ""Arzte sprechen Klartext'"", '€ 4 29 JANÜA,R 2[pzz "";—‘f;‚_\'x?_j', '70 U HR K', '. kONIGSPLNTZ KASSEL', '‘$', ' ', ' ', '\\']",noisy,0.25
0019.jpg,8,5,2,0.8220588235294117,1.125,0.2102941176470588,0.125,"['i', 'antirfaschistisch c', 'RALLY ”', 'Zukun', ' ']",noisy,0.25
0020.jpg,12,16,7,0.4837136243386243,0.5694444444444444,0.5171737660581474,0.4305555555555555,"['DEMONSTRATION', 'SONNTAG 0F@19.2020;', '   ', '1, S M', 'SCHÜLER/-IN GEN', 'DIE MASKENPFLICHT!._ _', 'WANN: 15:30 UHR', 'WO: MEISTERSINGERHALLE', 'NÜRNBERG', 'S', 'TULLEHEDNER N “““Y9*', 'MODERATOR', '(NANA LIFESTYLER)', 'IMPRESSUM:SCHÜLER/-INNEN/GEGEN]DIE MASKENPFLICHT, [nzurscnuun]', 'an / |fall;\\ﬂlL""ül«?\'L', ' ']",noisy,0.5833333333333334
0022.jpg,13,15,12,0.1055226824457593,0.1346153846153846,0.9043478260869564,0.8269230769230769,"['AKTION RESISTENZ FRUSTRATION', 'GEMEINSAMKEIT WIDERSTAND HOFFNUNG', 'AUFSCHREI BESTÄRKUNG NETZWERK', 'ISOLATION RESILIENZ SOLIDARITÄT', 'TRAUER FLUCHT AUSBEUTUNG NEUANFANG', 'JAHR', 'TALIBAN', 'REG', 'DEMO: SAMSTAG, 13.08.2022', '14.00 UHR, AUSWARTIGES AMT', 'PROTEST CAMP BERLIN', '13.08.2022 — 15.08.2022', 'WORKSHOPS PERFORMANCES REDEBEITRÄGE', '#DONTFORGETAFGHANISTAN', ' ']",noisy,0.9230769230769231
0023.jpg,11,15,5,0.602063335215509,0.7045454545454546,0.4106493506493506,0.3636363636363636,"['   ', '15.30 Uhr Biberach Gigelberg \\', 'angemeldete DEMO __', 'Wahrung der Grundrechte *—', 'freie Impfentscheidung', '   ', ' ', '  ', ' ', '    ', 'Ar', 'nn © / WICHTIG', 'indestabstand einhalten', ' ', 'PIC-COLLAGE']",noisy,0.45454545454545453
0024.jpg,11,12,5,0.6420921902371428,0.8090909090909091,0.369055944055944,0.2363636363636363,"['UNE DILLIUN NISJINUG', 'HANAU', 'Weltweit tanzen an diesem Tag Menschen', 'gegen Gewalt an Frauen', '14.Februar, 16 Uhr', 'Marktplatz 3n', '® F', 'weltweite', '® . Aktion', 'ONE BILLION RISING gegen Gewalt', 'Schirmherr: Claus Kamin . . an Frauen', ' ']",noisy,0.45454545454545453
0025.jpg,9,1,0,1.0,1.0,0.0,0.0,[' '],noisy,0.0
0026.jpg,6,1,0,1.0,1.0,0.0,0.0,[' '],noisy,0.0
0027.jpg,5,1,0,1.0,1.0,0.0,0.0,[' '],noisy,0.0
0028.jpg,6,4,1,0.8333333333333334,0.8333333333333334,0.1666666666666666,0.1666666666666666,"[' ', 'tJlmeims Dresd L', 'KUNDGEBUNG', ' ']",noisy,0.16666666666666666
0029.jpg,8,16,2,0.7611111111111111,0.8541666666666666,0.2375578703703703,0.1458333333333333,"['luuunh am', '— Keiuie', 'Zukunfrt', 'fürs Ostkreuz', 'DE die', 'K fgung der', 'Eunft am', 'DStkreuz zum', '81.03.22', 'am Ostkreuz', '13.11. Kiezdemo und.Kundgebung', '13 Uhr Rudolfplatz‘', 'SAg Zukung', 'D ige Sicherung f', 'S henräumen -', 'A anz Berlin.']",noisy,0.25
0030.jpg,6,2,1,0.8558558558558559,1.0,0.1458333333333333,0.0277777777777777,"[' ', 'Dresden, Neumarkt‚ 13 6 um 16. 30 Uhr‘']",noisy,0.16666666666666666
0031.jpg,6,4,3,0.5982854864433812,1.0,0.4085858585858585,0.0833333333333333,"['TECHNOPUNK GEGENE. 4', 'UNHA!TRARE ZUSTÄNDE”', '20 UHR SCHILLNGBRÜCKE.', '#Kepibleibt']",noisy,0.5
0032.jpg,8,4,0,1.0,1.0,0.0,0.0,"[' ', 'EINFÜHRUNG', 'DAIAISMUS', ' ']",noisy,0.0
0035.jpg,8,19,3,0.6928733031674208,1.0,0.3401442307692308,0.125,"['— FÜRSTENFELDER —', '@ß', '     ', ' ', '”e„e Z..', '5 0/)„', 'w helBen Ut:', 'rll_qe/,ed„e A', 'r', ""KRÖLL ‚S' Jan"", ' ', '  ', '  ', ' ', '„ _ Das Starkbierfest', '17.02.2024 - 20.00 Uhr', '  ', ' ', '\\']",fancy,0.375
0036.jpg,11,1,0,1.0,1.0,0.0,0.0,[' '],fancy,0.0
0037.jpeg,8,1,0,1.0,1.0,0.0,0.0,[' '],fancy,0.0
0039.jpeg,10,12,3,0.7571428571428571,0.8,0.2666666666666667,0.2,"['x', '-', ""' NAN"", 'LO 0B WER\\ \\ W W / A AA', 'o', '* TAG DER *', 'POLITISCHEN', 'GEFANGENEN', 'o', 'm_„_l1_', 'mN', ' ']",fancy,0.3
0040.jpeg,9,13,4,0.574074074074074,0.6666666666666666,0.4259259259259259,0.3333333333333333,"[' ', 'SOLI-FESTIVAL', '1. März 2025‚', 'UNSERE', 'SOLL MAN', 'HÖREN/', 'r', '{ %', 'W A', '   ', ' ', 'e', ' ']",fancy,0.4444444444444444
0041.jpg,12,17,12,0.1029101687697022,0.4166666666666667,0.9368126137147876,0.6111111111111112,"['50 JAHRE RUMDLE IN THE JUNGLE', '— ] Podium:', '| Martin Krauß', '{Sportjoumalist, taz)', '| Dr. Michela Wrong', '| _ (eritische Journalistin)', 'Fabian Kunow', '(Moderation)', ' ', ' ', ' ', ' ', 'Film: When we were Kings (1997)', 'Mo., 25. Nov., 19 Uhr', '://about blank', 'Markgrafendamm 24c, 10245 Berlin', ' ']",fancy,1.0
0043.jpg,8,13,5,0.4408463084933673,0.6666666666666666,0.5658784893267652,0.2083333333333333,"['  ', ' ', '  ', '  ', 'STABIL', '3LEIBEN', 'MARSSENHAFT WIDERSETZEN!', ' ', 'UuND', ' ', '“ UND WEITERE ACTS!', 'O al — _', '- 11. JANUAR 2025 ° ALLE NACH RIESA °']",fancy,0.625
0044.jpg,6,3,2,0.6666666666666666,0.6666666666666666,0.3333333333333333,0.3333333333333333,"['NICHT OHNE UNS! DORTMUND', 'jeden Samstag 14:30 Uhr - Willy-Brandt-Platz', ' ']",fancy,0.3333333333333333
0045.jpeg,15,20,9,0.4752205268072141,0.6333333333333333,0.5335317460317461,0.3666666666666666,"[' ', 'GROSSDEMO', '„.«« 5 KASSEL -', 'v’:mmlmj5a/ Wwachen -', 'Die Well slcht auf!', 'KARLSWIESE / ORANGERIE KASSEL', 'WELTWEIT - ALLE ZUSAMMEN', '1TAG - 1ZIEL', 'WELTWEIT - ALLE ZUSAMMEN', 'IN DER MITTE DEUTSCHLANDS', '20.03.2021', '„ 12:00 - 16 00 UHR', 'l/|‚$', '4Q k &q -', '&R Ms “""‘', ' ', '   ', '   ', '   ', '   ']",fancy,0.6
0046.jpeg,15,10,5,0.8031235431235432,1.211111111111111,0.2197979797979798,0.0222222222222222,"['   ', '&01. MÄRZ 2025', 'Xx', 'AR Z0OUHR LINE U®', '[ ‘ KETOHUP', '4 (M‘ITN""WT)', 'PROJSKTRAUM 9 d', 'HERMANNNTRARE 43 an -', '„PARTYBTIELG', 'AYZKLZIDUNG SiNÜNGSGT, Z6AL WAY']",fancy,0.3333333333333333
0047.jpg,9,8,5,0.5981481481481481,1.2685185185185184,0.459241103848947,0.1944444444444444,"['   ', 'N Bers erkex', '? erlin', 'UBER EATS MUSIG HALL', 'äBERLIN‚ 28.08.20E |', 'EINLASS: 18.30 UHR 7 }', ' ', ' ']",fancy,0.5555555555555556
0049.jpg,12,7,5,0.6453947502131342,0.7507936507936507,0.3616593336420923,0.3492063492063492,"[' ', 'Di. 3112.2024 —', 'Beginn 20:30 Uhr (Einlass 20 Uhn)', 'Eintritt: 25 € + VVG | Späteinlass (albı 22:30 Uhr, nur Abendkasse): 15 €', 'Bürgerhaus Dreieich X<', ' ', 'Fichtestr. 50 | 63303 Dreieich DREIEICH']",fancy,0.4166666666666667
0050.jpg,7,9,5,0.3110599078341014,0.3428571428571428,0.6846361185983828,0.6571428571428571,"['Einladung zur bewegten Versammlung', 'Mliteinander', ' ', 'Samstag, 15. August ab 17:30', 'vom Friedensengel', 'zur Münchner Freiheit', 'Die 7‘4%nafunm der letzen Zeit haben uns allen Viel abverlangt.', 'Mit Musik und guter Laune zighen Wir gemeinsam durch', ""München z//zd/zalenunsdze LEBENS) F;.E'LLDEW*""]",fancy,0.7142857142857143
0051.jpg,6,6,2,0.706060606060606,0.8055555555555555,0.2995614035087719,0.1111111111111111,"['  ', '  ', '    ', 'EIT #23', '.IPARTY FÜR MENSCHEN', '‚ MIT FLUCHTGESCHICHTE']",fancy,0.3333333333333333
0052.jpeg,11,13,3,0.8232872200263505,1.0,0.2119755244755244,0.0,"['    ', '  ', '  ', '  ', 'Tickets_ 01.03.2025', '5 Punk Agailsta', 'S Gentrificslgen —', '. E E \\«v®', 'Einlass: 19Uhr. DA', 'Beginn:; 20 Uhr. “', 'VVK:13,12€ AK: /', 'Wo:: SOLTMANNIE', 'B']",fancy,0.2727272727272727
0054.jpg,8,3,2,0.7655677655677655,0.90625,0.2334401709401709,0.09375,"['Zaubervariete', 'für die ganze Famile', ' ']",fancy,0.25
0055.jpg,20,16,0,1.0,1.0,0.0,0.0,"[' ', ' ', '   ', ' ', '    ', '    ', '   ', '   ', 'A„w A„Vp‚. n T STZ E', 'SGT CI', './//.„w./„.hll..!', 's S', '\\', '\\', '\\.\\.\\', ' ']",fancy,0.0
0057.jpg,14,21,8,0.4709802102659245,0.5416666666666666,0.5418359418359419,0.4047619047619047,"['   ', '  ', '   ', ' ', 'DIE', 'INTERNATIONALE', 'ZAUBERGALA', 'SORIA IENG', 'ALBERTO GIORGI & LAURA', 'SVEN HEUBES & SABRINA ’', '|', '|', '|| MAGIC DORIAN', '| ANDY JORDAN', 'MARC OBERON', 'BERT CALLENBACH', ' ', '3. & 15.5.2022', 'M FÜRSTENFELD - STADTSAAI', 'VERANSTALTUNGSFORU', '  ']",fancy,0.5714285714285714
0059.jpg,7,7,1,0.8881987577639752,0.9642857142857144,0.1214285714285714,0.0,"['N]', ' ', ', 8. MÄRZ, 19 UHR, KUFA MOABIT er £.4', '— FLINTA® STAND UP COMEDY .', 'La', '    ', '   ']",fancy,0.14285714285714285
0060.jpg,7,8,1,0.8571428571428571,0.8571428571428571,0.1428571428571428,0.1428571428571428,"[' ', 'T PRIME-TIME PUHRY U\\M', '7 W 24 2012', 'Eine Kooperation von', ' ', '   ', '        ', ' ']",fancy,0.14285714285714285
0061.jpg,6,10,3,0.5730158730158731,0.7388888888888889,0.4373775630142353,0.2111111111111111,"[': Freedom Parade', 'Die Verleihung der coten C (@umnsnase.', '3„:t„ Carhin ""£“\'“ anDr. Droste', 'A', '  ', ' ', '  ', '20° HDINTS2SE7 :Aya9', 'Z', 'vorm Schloss Bellewe']",fancy,0.5
0062.jpg,13,11,3,0.7884615384615384,0.8557692307692307,0.2119547119547119,0.0769230769230769,"['B ’ M Kultur-', '® zenfrum', 'HON ZONTE', 'JERWEITERN', '—WELTENTERLESEN', '  ', 'l für alle Kinder zwischen 9 und 12 Jahren', 'im Gymnasium Meiendorf, Raum 804, Kreuzbau, Schierenberg 60', 'SYMNASDENM', 'VENBNDERE', ' ']",fancy,0.23076923076923078
0063.jpg,12,6,5,0.5833333333333334,0.5833333333333334,0.4166666666666667,0.4166666666666667,"['STOPPT DIE', 'GASLOBBY', '    ', '17:30 Uhr', 'Stephansplatz', '@systemchange.not.climatechange']",fancy,0.4166666666666667
0064.jpg,29,35,28,0.0472517777615228,0.0782019704433497,0.9500624425119074,0.92179802955665,"['  ', 'KIEZKLUB Treptow-Kollag', ' ', '5am5tag‚ 1. JU"" 2023 von 14 — 18 Uhr', 'Eröffnung durch Frau Weingart', 'Stellvertretende Bezirksbürgermeisterin', 'und Leiterin der Abteilung Soziales, Arbeit', 'und Teilhabe', 'Es spielt die Combo des', 'Landespolizeiorchesters', 'Brandenburg', 'Die fröhlichen Herbstlerchen', 'erfreuen uns mit ihrem Vortrag', 'Kreistanzgruppe unter Leitung von', 'Monika Kemmnitz', '/', 'X', 'K ICESZUKAURB', 'TRDEDTAW KMIILEC', 'Dirk Jüttner', 'erfreut uns als Elvis Presley', 'Kinder- und Erwachsenen-Tanzteam', 'des PSV Olympia Berlin', 'Belly Dance mit „SOURAIA HAGIR“', 'Eine kostenlose Fahrradkennzeichnung durch den', 'Polzeiabschnitt 65, außerdem gibt es noch Mit-', 'mach-Aktionen für Kinder, Seifenblasen mit Ciello,', 'Holzarbeiten, Schwerter basteln mit Marlies, das', 'Kinderschminken mit Farina und Jessica, Malen', 'und Basteln mit Michaela und vieles mehr ...', ""Unsere Ehrenamtlichen des KIEZKLUB's und das"", 'Seniorenpflegeheim DOMIZIL verwöhnen sie mit', 'selbstgebackenem Kuchen. Für Ihr leibliches Wohl', 'ist gesorgt.', '3 (a']",fancy,0.9655172413793104
0066.jpg,6,8,6,0.054503367003367,0.2888888888888889,0.957792207792208,0.5,"['HocusPocus', '-Fürstenfeld', '__ Festival der Zauberkunst', 'Veranstaltungsforum', 'Fürstenfeld', '11.- 15. Mai 2022', '   ', '  ']",fancy,1.0
0067.jpeg,9,11,7,0.3223734198843011,0.8296296296296295,0.7160905093079732,0.5333333333333333,"['HEART', 'OF GAZA!', 'Eine Ausstellung mit Bildern \\', ' ', ' ', '©& @stadtteilkomitee_lichtenberg \\', 'w @stk_lichtenberg X', '15.03.2025 - 16Uhr 7', 'Cafe Wostok, Weitlingstr. 97 10317 M l', 'Fundraising Veranstaltung | Eintritt frei ©53E', 'Alle Spenden werden gezielt für das Projekt “We are not alone” eingesetzt E']",fancy,0.7777777777777778
0071.jpg,7,8,2,0.7666040100250626,0.9523809523809524,0.2494270435446906,0.0,"[': Freedom Parade N911', 'GROßDEMO mit QUERDENKEN', '    ', '   ', ' ', '; | Start: Brandendurger Tor', '\\(,MF«I: « 4 Z2ieL; S iosessäv (e', 'LASERWRAHFDE f']",fancy,0.2857142857142857
0072.jpg,27,23,8,0.7267685892347139,0.8135802469135802,0.2752354887567306,0.2111111111111111,"['DEMO UND L \\ OMAS', '- 1“’ W xl GEGEN', 'AUSA élää\\% En [ @', '4.2.2024 A| n', ""mlv\\ﬂx'v\\ \\?‘NK?(%\\S ."", '16:30 Bahnhof Ried -', '(Bahnhofstra‘!e 69)', 'ab 17:00 Kundgebüng, Markplatz .Ried', 'mit Monika Salzer, Hans- Scharsach', 'und Susanne Scholl', '-', 'Bitte Kerze mitnehmen! ö', '‚omasgegenrechts.at', ' ', '      ', ' ', 'OMAS. /', 'GEGEN', '\\ /RECHTS,', '  ', '  ', ' ', ' ']",fancy,0.2962962962962963
0073.jpeg,10,3,1,0.9,0.9,0.1,0.1,"['   ', ';?""""""\'“"" 02.03.| 12°°- 17°', 'Rigaer Straße 94']",fancy,0.1
0074.jpg,10,8,7,0.3066666666666667,0.35,0.6928571428571428,0.65,"[' ', 'Null Verschwendung.', 'Volles Programm.', '16. November 2024', '13:00—18:00 Uhr', 'NochMall, Berlin-Reinickendorf', 'Komm', 'vorbei!']",fancy,0.7
0075.jpg,6,3,0,1.0,1.0,0.0,0.0,"['‘ _:Ilhb°°ﬁßlunä-sßqhn Ö$tKrtvl', ""DJS:R°'°%G#E eNf, Manvel ür"", ' ']",fancy,0.0
0078.png,21,7,1,0.9574829931972788,0.9619047619047618,0.0416666666666666,0.0380952380952381,"['LLEWELLYN lr atrobertjchnson runningback  riobven', 'SARA MILLER »# KEV SHERIDAN', 'KARETE BU institut fürzukunfe _ driv', 'JESSAMINE ‚ebout blank', '  ', '   ', '://about blank sat 6.5.2023 2pm']",fancy,0.047619047619047616
0080.jpg,23,25,10,0.6421339432142854,0.8362318840579711,0.3663707352279196,0.1768115942028985,"['  ', ' ', 'das Gemeinsame® in', ""So\\\\dal'\\tät und Mit'"", 'VERANSTALTER', 'gür Menschen!', ' ', '    ', '  ', 'Für Demokratie und Menscnemeu..', '$ 0', '  ', 'MO', 'REDEBEITRÄGE Werner DI Dreier', 'Historiker, ® ehemaliger r Leiter von', 'erinnerN-. ‚at, ophia Ha‘ jagleitner und', 'Ssophia simon - Fridays for Future,', 'Hanno Loewy - _ Jüdisches Museum', 'HohenemS, Gerhild Steinbuch -', '‚utor*inn! en\\ nitiative', 'gegen die europä\\ b Rechte)', 'MUSIK Andreas Parug\\oudak\\s', ""UNTERSTD‘\\'IT oN"", 'A0 Orgln\\slﬂ ‚jonen:', '—— _ka al']",fancy,0.43478260869565216
0081.jpg,18,9,1,0.9595959595959596,1.0555555555555556,0.0454545454545454,0.0,"['<w> W A', '  ', '    ', ' ', 'ME', 'Musik + Tanz Kaffe + Kuchen 14-19 Uhr', 'DJI-Workshop -', 'k Mal- und Spray-Workshop ://about blank', 'W Hen Kinderschminken markgra fnd mm 2;/ t7/‘0245 berlin']",fancy,0.05555555555555555
0082.jpg,9,3,1,0.9320987654320988,0.9444444444444444,0.0666666666666666,0.0,"['5a 24.2. 14h', '1', ' ']",fancy,0.1111111111111111
0086.jpg,6,1,0,1.0,1.0,0.0,0.0,[' '],fancy,0.0
0089.jpeg,11,9,7,0.3636363636363636,0.3636363636363636,0.6363636363636364,0.6363636363636364,"['KUNDGEBUNG &', 'AUFZUG', 'gelten!', '15. JANUAR 2022', '15:30 UHR', ' ', '  ', 'MIT GASTREDNER', 'HERMANN PLOPPA']",fancy,0.6363636363636364
0090.jpeg,14,19,6,0.6157493300350444,0.761904761904762,0.391687552213868,0.2380952380952381,"['; «é%;$', '*“3:;;Q‚ö°f’', 'WORLD FREEDOM', 'DAY', ""J>c'e W@[Ü 5Ü@‘ßtf"", ' ', ' ', '  ', ' ', 'NITTÄATIVEN SCORGANISATIONEN', 'WELTWEIT: - GEMEINSÄM!', 'UM 12:00 UHR LANDESZEIT!', '   ', '   ', ""' MAGDEBURG"", '  ', '  ', 'DE,', '«“']",fancy,0.42857142857142855
0091.jpg,15,1,0,1.0,1.0,0.0,0.0,[' '],fancy,0.0
0093.jpg,17,20,11,0.4065091198572468,0.5176470588235295,0.6141845965375378,0.6470588235294118,"['.\\u- P} 20 ST}', 'YLUD Ralfldus JUNAVINHSTNAL', 'y X ı', '‘?_x 4537 DF !lk', '  ', 'INTERESSANTE MARKTSTÄNDE, KINDERSCHMINKEN,', 'KINDERBASTELN, HÜPFBURG, TEDDYAMBULANZ', 'GLASKUNST MIT VORFÜHRUNG, 3D-DRUCK', 'ESSEN UND TRINKEN n v', 'DUO CHARLSON & LUIS (BRA) SAMBA, CHORO, BOSA NOVA', 'HARTMUT HAKER VON TANZBAR BIS SWINGEND', 'RAINER HERZOG VON GESCHICHTE ZU GESCHICHTE /', 'JEDE MENGE KINDERLIEDER ‚ j', 'dd / j x', 'DIE HOBBYSTEPPER, MONIKAS TANZMIX, DJ N_"" \'', 'DER CHOR DER FRÖHLICHEN SÄNGER SE ®', 'VON JOHANNISTHAL k', 'CAEMNTRINSTICREN', ' ', 'v x __ aun M S']",photo,0.6470588235294118
0094.jpg,15,9,6,0.6725700225700225,0.9317460317460317,0.3479076479076479,0.1571428571428571,"[' ', ' ', '/ *- 26.04.2020', '‚ 12:00 - 19:00', 'Mavxiannenplatz }', 'oder zu zweit zu kommen und pratest-', 'taugliche Schilder, Transparente und', 'UAnlage und Mikrofen sind vor Ont,', ' ']",photo,0.4
0095.jpg,18,10,0,1.0,1.0,0.0,0.0,"['POPKI', 'ab )PKULTUR, FEMINISMUS, CHANGE UND SO -.-', ';', ';S-A-PLAST),', 'A =', 'A==', '»', '\\ E l', 'Saneeset O Ea', ' ']",photo,0.0
0096.jpg,6,4,0,1.0,1.0,0.0,0.0,"['Era _', 'Schmeiß dein Ego weg und Schmeiß dein Ego weg und', ' ', 'FürRene 25. April % FürRene 25. April']",photo,0.0
0097.jpg,12,12,8,0.4166666666666667,0.7777777777777778,0.6314814814814815,0.5,"['clearly', 'not', 'alright ,', 'Welche Rolle spielen ‘', 'emanzipatorische', 'Subkultur & Bewegung in', 'Ostdeutschland ? \\', 'Veranstaltung', '13.12.2024 >', '20Uhr }', ':// about blank', ' ']",photo,0.6666666666666666
0098.jpg,11,9,6,0.4755638387866703,0.5742424242424242,0.5304875375408291,0.3924242424242425,"['i SS', 'eine benefizveranstaltung von ://about blänk und töp b3rlin', 'u', 'MOVING', 'BEYOND', 'HOPE', ""antinationale amplitude wider'die großwetterlage"", 'montag, 2.0ktober 2023, 18:00 uhr ‘ [', ' ']",photo,0.5454545454545454
0099.jpg,10,8,0,1.0,1.0,0.0,0.0,"[' ', ' ', '  ', '   ', 'm m', ""‘‚„.lu-l‘£'"", ""='_"", 'x']",photo,0.0
0100.jpg,5,1,0,1.0,1.0,0.0,0.0,[' '],photo,0.0
0101.jpg,13,28,3,0.8209829635224106,0.8367269984917045,0.1755284053420699,0.1632730015082956,"['Suermondtstra|', 'geb. am 22.12.1878 in Smolensk', 'Musikalische ng: Johann-Vincent Slawinski', 'Blume Luise Albers', 'deutschen Beamten Steu-', 'ersekretär Oska', 'ratet. Die Eheschließung', '913 in Windhuk (Deutsch-Südwest-Afrika)', 'indhuk mit der Nr. 63', 'Das Paar lebte in Hohenschönhausen in der Suermondts', 'vorn parterre. Laut Berliner Adressbuch ist der Stra', 'nzug noch 1927 als Baustelle eingetragen.', '‚ermondt war Mitbegründer der Grunderwerbs- und', 'schaft in Hohenschönhausen, welche die Häus', 'ıch Eigentümer war. Mit der Fertig: n', 'hnung im parterre, Die Wohnung bestand aus zwei Stuben und', 'rer Küche. Blume Albers war Hausfrau,', 'Oskar Albers verstarb am 4. Oktober 1940 in der gemeinsamen Wöhnung laut Urkunde', 'an einem Gehirnschlag. Frau Luise Albers war danach bis 1943 Im Berliner Adressbuck', 'Mieterin eingetragen is en', 'Blume Albers mı wangsarbeit leisten in den Pankower Heimst', 'Am 10.September 1943 wurde Blume Luise Albers mit dem 96 Allerstransport von dem', 'Sammellager Große Hambürger Straße 26 nach Theresienstadt d6POrtiert', 'Drei Monate später, am 18. Dezember 1943 wurde sie von Theresienstadt nach Ausch-', 'vitz deportiert und dort ermordet.', '7in HT-BLICKE 7 w}', 'UE N —— C®', ' ']",photo,0.23076923076923078
0103.jpg,12,16,11,0.1569758962022866,0.2271825396825396,0.8496251742306263,0.6547619047619048,"['RAUS AUS DER DOSE!', '17.05.2020 14-18 Uhr', 'Mariannenplatz', 'Der Rückzug ins Digitale ist keine', 'Alternative!', '. Deine Meinung ist relevant!', '> Kunst ist relevant!', ' ', ' ', 'Zeigt Eure Künste!', 'Erhebt Eure Stimme!', 'Das Mikrofon stel', 'Euren Reden', 'Darbietungen offen', 'www.aktion-€', ' ']",photo,0.9166666666666666
0104.jpg,12,2,0,1.0,1.0,0.0,0.0,"[' ', 'ﬂ0ul-l-u‘-ä.ä.—-ä-o—..-n-—uä.-l MZ9N']",photo,0.0
0106.jpg,12,16,7,0.4344966761633428,0.5194444444444445,0.5731941238849728,0.425,"['KEINE QUERFRONT AUF DEM KOSA-LUXEMBURG-PLATZI', 'Seit nunmehr vier Wochen demonstrieren Neurechte,', 'Verschwörungsideolog*innen und Teile der rechtsradikalen und völ-', 'kischen Szene auf dem Rosa-Luxemburg-Platz unter dem Banner „Hygie-', 'nedemo“, organisiert von der „Kommunikationsstelle Demokratischer Wi-', 'derstand“;-deren Initiatoren sich in einem Interview vor dem Reichstag', 'mit wehenden Deutschlandfahnen erklären. Wir rufen deshalb alle antifa-', 'schistischen, anarcha-queer-feministischen Menschen zur.Verteidigung', 'des Rosa-Luxemburg-Platzes und der Volksbühne auf.', '| Kreativer Kontaktloser Gegenprotest:', 'vor dem', 'Karl Liebknecht Haus', 'jeden Samstag', 'und am 1.Mai', 'seid kreativ Iaut und bunt!', ' ']",photo,0.5833333333333334
0108.jpg,9,9,5,0.4761904761904761,0.5555555555555556,0.5238095238095238,0.4444444444444444,"['  ', 'VOL', 'Zz};SBUHNE', 'KOnZert', '30.06.18', 'Rosa-', 'Luxemburg-', 'Platz', '    ']",photo,0.5555555555555556
0110.jpg,5,5,0,1.0,1.0,0.0,0.0,"[' ', ' ', 'ECBAS 9ENI', 'NARKGRAFENDAMN', ' ']",photo,0.0
0111.jpg,13,14,8,0.4882340778236811,0.7000000000000001,0.536730525519882,0.1923076923076923,"['50 JAHRE', 'RI pUMBLE IN THE JUNGLE', '       ', '     ', '   ', '\\ Podium:', '/ _ Martin Krauß (Sportjournalist taz)', '( — — Dr. Michela Wrong (britische Journalistin)', 'bian Kunow (Moderation)', 'nschl.', 'okumentation When we were Kings (1997)', 'Nov., 19 Uhr', '»fendamm 24c, 10245 Berli', ' ']",photo,0.6153846153846154
0112.jpg,8,10,3,0.6763882669055082,0.7312500000000001,0.3269627192982456,0.175,"['        ', '/ [ a', '/ NO DA', 'ZUM GL', '  ', 'UuM', ' ', 'FREITAG, 20.09.19 |_15:00 UHR', 'S BERLIN MITTE & ÜBERALL', '12:00 UHR FRIDAYS FOR FUTURE RECLAIM']",photo,0.375
0113.jpg,8,12,3,0.7266042780748663,0.9166666666666666,0.2833333333333333,0.0833333333333333,"['E WIEDER FASCHISM} JS', 'NIE WIED R KRIEG! A', '    ', '   ', 'MONSIET DEMONSTRATION / BERLIN', 'ERUI | \\', '’ ® &$g=\\‘/.gklinklß\\\\sm /', 's @ D m', 'f 173 ‚6 UNDWIDERST a', '‘W @ BEFREIUMG', 'rm WNNERSTAND', ' ']",photo,0.375
0114.jpg,8,9,2,0.8334330143540669,0.8571428571428571,0.1636513157894736,0.0892857142857142,"['.', 'Y', 'SA. 15. JULI - 14:30 UHR THEODOR-', 'CA. 16:00 UHR', '- OLYMPIASTADION + MUSIK', 'HEUSS', 'DA', '-PLATZ', '     ']",photo,0.25
0115.jpg,5,3,0,1.0,1.0,0.0,0.0,"['save blank? blank safe! 16.11.2024 ab 20 Uhr', 'soliparty gegen das klima der angst :llabout blank', ' ']",simple,0.0
0116.jpg,15,8,4,0.7611111111111112,0.7666666666666667,0.2405797101449275,0.2333333333333333,"['AKTIONSBÜNDNIS', 'KARLSRUHE', 'DEMOKRATIE neu denken!', 'Verschiedene Rede- & Musikbeiträge | Meditation', 'LiveStream', 'emokratie.org', 'https://netzwerk-d', ' ']",simple,0.26666666666666666
0117.jpg,6,12,1,0.8793103448275863,0.9166666666666666,0.1282051282051282,0.0,"['‚ Bündnis gegen Verdrängung und _s:—=', '  ', '    ', 'N#MIBIBIIW£IhIISIIIII *', 'tenw ahnsinn.info |£ ;', '@ —', ""u 8 '"", 'aM', '  ', ""' z>EH"", 'Den Sams?‘ääüi Juni ‚2024', '""” ) Uhr Pntsdamerliä']",simple,0.16666666666666666
0118.jpeg,6,13,1,0.8666666666666667,1.1666666666666667,0.1444444444444444,0.0,"['Willkommenscuf 8', ' ', '   ', ' ', '   ', 'Wir _ laden _ alle von Rassismus betroffenen &', 'migrantischen _ Menschen zum _gegenseitigen „', 'Kennenlernen in unser Willkommenscafe ein!', 'eAN', 'G O', 'S >', '‘3', '€R L\\e']",simple,0.16666666666666666
0119.jpeg,5,9,4,0.2697674418604651,0.2666666666666666,0.7315789473684211,0.7333333333333333,"['HÄNDE WEG VON UNSEREM LAND!', 'PALASTINA', 'STEHT', 'NICHT ZUM', 'VERKAUF', 'LAUFDEMONSTRATION FÜR PALÄSTINA', 'SAMSTAG, 01.03. UM 13 UHR', 'U-BAHN & S-BAHN ZOOLOGISCHER', 'GARTEN, BERLIN']",simple,0.8
0120.jpg,13,11,4,0.7435897435897435,0.7692307692307693,0.282051282051282,0.2307692307692307,"['Wahlkampf-Veranstaltung', 'STADTHALLE LEONBERG - semeorenuss en', 'Römerstraße 110 | 71229 Leonberg', '/""4\' e', '} TINO', 'RS W |MARKUS mun CHRUPALLA gMIL DIANA', ""HAISE 'FROHNMAIER1 A SÄNZE ZIMMER"", 'DEUTSCHLAND ZUERST!', '— AfD', 'm  Württemban 1g', ' ']",simple,0.3076923076923077
0121.jpg,5,10,3,0.6123792486583184,1.0666666666666669,0.4872727272727273,0.6,"['p } x', 'Zeit für Fans A 3 S }', '05.12.2024 ; #', '   ', 'Auguste-Viktoria-Allee 99 // 13403 Berlin', '; s', 'N', 'I', 'BN', ' ']",simple,0.6
0122.jpg,26,24,16,0.445801377501971,0.5481684981684981,0.5595502576695475,0.2945054945054944,"['29. APRIL, 20223 OMAS', ""20.00 UHR ﬁ'ﬂ"", 'ISTAGE|', 'PERF[]RMANGES', 'LIEDER, GEDICHTE.', 'Omes-on-Stage ist eine Theatergruppe innerhalb', 'IV der Aktivistinnengruppe OMAS GEGEN RECHTS.', '| In den letzen 3 Jahren sind wir bei zahl', 'n Interventionen und Strassentheater, sowie beim', 'r Wiener Kultursommer, Demonstrationen und', 'Frauenveranstaltungen aufgetreten.', '   ', ' ', ' ', '    ', ' ', 'Omas-On-Stage besteht aus 12 Frauen- professionellen', '® Schauspielerinnen und Laiendarstellerinnen. Durch', 'Hegn unsere Aktionen beleuchten wir auch die Rolle,', 'die älterer Frauen im politischen Geschehen und', 'in der Gesellschaft spielen können.', 'Immer auch mit Humor und Ironie!', 'FREIE SPENDE', ' ']",simple,0.6153846153846154
0123.jpg,5,6,5,0.0,0.0,1.0,1.0,"['SOLIDARITÄTSDEMO', 'FÜR DIE UKRAINE', ' ', 'Samstag, 5. März 2022', 'Platz der Menschenrechte, Wien', '15 bis 17 Uhr']",simple,1.0
0124.jpg,8,6,5,0.375,0.375,0.625,0.625,"['  ', 'Wissenschaft', 'sichert die Zukunft Berlins', '19.12.2024', 'KUNDGEBUNG', '8:30 Uhr vor dem Abgeordnetenhaus Berlin']",simple,0.625
0127.jpeg,8,9,4,0.5133928571428572,0.53125,0.49,0.5,"[' ', '    ', ' ', 'TI', 'Thema: Unser Verständnis vom ‘l', 'Diskussion und gemeinsames Essen', 'am Dienstag, 4. März ab 19:00 Uhr', 'im “Maggie” Frankfurter Allee 205', ' ']",simple,0.5
0128.jpg,15,10,7,0.5884382284382284,0.8,0.4346024346024346,0.2666666666666666,"['W Ia . 3', 'Transferale/ «', '\\ Y Zukunft im', '— Stadtumdrehen', '25.09. —', '27.09.2024', 'im Kulturquartier', 'silent green', ' ', '   ']",simple,0.4666666666666667
0129.jpg,10,6,4,0.6807598039215687,0.775,0.3229166666666667,0.1,"['#BerlinistKultur', ' ', 'GEGEN DIE KÜRZUNGEN IM KULTURBEREICH!', '13.11. Brandenburger Tor', '10:00 Platz des 18. März', ' ']",simple,0.4
0130.jpg,10,8,6,0.4594907407407407,0.5833333333333334,0.5497252747252748,0.4666666666666666,"['  ', 'Netzwerk l Qualitätsreparatur', 'ES AUSSER NEU', 'Reparaturtag', 'in der NochMall', '19. Oktober 2024', '14-18 Uhr .', 'o m OS&']",simple,0.6
0131.jpeg,12,15,7,0.4662698412698412,0.5277777777777778,0.5357624831309041,0.4722222222222221,"['\\GEN[ICII]E STARTS HERE!', '   ', '   ', '   ', 'MI, 05.03.2025', '12:00 UHR', 'ECKE TAUENTZIENSTR./', 'MARBURGER STR., 10789', 'BERLIN', '‚” GRIENG DOVES', 'E', 'P', 'IIIII', 'öl', 'WAFFEN']",simple,0.5833333333333334
0132.jpg,6,7,4,0.35,0.3999999999999999,0.65625,0.5666666666666667,"['DIE CDU IST KEIN GRUND ZUM FEIERN.', ' ', '23. FEBRUAR :18 UHR', 'KONRAD ADENAUER HAUS', 'Sa', 'n', 'Sea-Watch.org']",simple,0.6666666666666666
0133.jpg,5,13,4,0.2490526315789473,0.6,0.7678362573099415,0.4666666666666666,"['  ', '   ', ' ', 'KUNDGEBUNG MIT DR. WEBER', 'SAMSTAG 05.09.2020,14:30', '  ', '  ', ' ', ' ', 'ERWIN-PISCATUH-HAUS', 'ÄRZTE FÜR AUFKLÄRUNG \\', '       ', ' ']",simple,0.8
0134.jpg,8,9,8,0.0,0.0,1.0,1.0,"['Antifaschistische Kundgebung', 'GEGEN DIE INSTRUMENTALISIERUNG', 'DES ERINNERNS', 'Montag, 27.05.24', '18 Uhr', 'Mahnmal', 'Levetzowstraße', 'Berlin-Moabit', '© N']",simple,1.0
0135.jpg,9,6,3,0.7117064544650752,0.8148148148148149,0.2943722943722944,0.0925925925925926,"['Y )', 'Kı', 'Kommt zur Demo am 8. März!i', '? Wo? S+U Schönhauser Allee””', '” Wann? 8 März 2025, 13:00 Uhr/ v', ' ']",simple,0.3333333333333333
0136.jpg,8,13,8,0.0395585317460317,0.2291666666666666,0.9733391608391608,0.7708333333333333,"['GEGEN JEDE', 'NAZI PROPAGANDA !', 'MARTIN SELLNER VON DER', '@ STRASSE FEGEN!', 'w —', 'K3', ' ', '   ', ' ', 'HEUTE! %* 27.02. * 18:15 UHR', 'Kundgebung an der “Grünen Lampe”', 'Uhlandstraße 51', 'Widersetzen Berlin']",simple,1.0
0137.jpg,8,6,4,0.5234375,0.5625,0.4741379310344827,0.4375,"[' ', 'Pohtuscher Akt|Vlsmus mit Kunst', 'Samstag, 9. Juli 2022, 18.30', 'Mortarapark, 1200 Wien', 'Sonntag, 10. Juli 2022, 18.30 FREIER EINTRITT', 'Muthsamgasse, 1140 Wien']",simple,0.5
0139.jpg,8,12,6,0.275,0.375,0.7375,0.625,"['      ', '  ', 'MEHR POLIZEI?', 'NICHTS ZU FEIERN', ' ', ' ', '  ', ' ', '- KUNDGEBUNG', 'GEGEN DIE ERÖFFNUNGSFEIER DER KOTTI-WACHE', '15.02. AB 9:00 KOTTBUSSER TOR', 'WACHE AM KOTTI? NOT WELCOME']",simple,0.75
0140.jpg,12,12,9,0.3061143039591316,0.4015873015873015,0.7213541666666666,0.530952380952381,"[' ', 'Samstag, 03.02.2024 von 11-13.30 Uhr', 'WORKSHOP', 'EMIoGlon=-©amGure', '? HTW in Schöneweide', '  ', 'g Wer?', '- Alle zwischen 7 &17 Jahren', '* Vorkenntnisse sind nicht notwendig.', 'Was mitbringen?', '- Laptop oder Tablet mit Kamera', '* Laptops können auch bei uns angefragt werden!']",simple,0.75
0142.jpeg,12,12,12,0.0370343137254902,0.2291666666666666,0.972664425136212,0.7916666666666666,"['NAZIANGRIFFE NICHT', 'UNBEANTWORTET. LASSEN', 'Demonstrationynach Naziangriff auf', 'Geflüchtetenunterkunftin', 'Stahnsdorf', '- Solidarität mit den Betroffenen -', '14.03.2025', 'Demo:', '17:30 S Teltow Stadt msn', 'Kundgebung:', '19:00 Iserstraße )', 'Ecke Elbestraße']",simple,1.0
0143.jpg,5,3,0,1.0,1.0,0.0,0.0,"['    ', '< OstkreUZg — w', '   ']",simple,0.0
0145.jpg,9,2,0,1.0,1.0,0.0,0.0,"[' ', ' ']",simple,0.0
0146.jpg,12,9,5,0.6156921539230386,0.6666666666666666,0.3880070546737213,0.3888888888888888,"['THEMENTAG 15.12.24', '://about blank 11:30-', 'Markgrafendamm 24c (Ostkreuz) 19:30 Uhr', ' ', 'Antisemitismus im', 'Kultur- und Clubbetrieb', 'Reflexionen ein Jahr', 'nach dem 7. Okt.', 'BILDUNG IN WIDERSPRUCH']",simple,0.4166666666666667
0147.jpeg,8,7,5,0.4236111111111111,0.65625,0.575,0.34375,"['Input + Diskussion nach den Bundestagswahlen:', 'a', '01.03. / 18:00 Uhr', 'Komsukeller,', 'Kottbusser Straße 4/5', ' ', 'ZORAF']",simple,0.625
0148.jpg,12,13,12,0.0026041666666666,0.0166666666666666,0.9970238095238096,0.9833333333333334,"['1. September 2023 > BUCHPREMIERE', 'JUDENHASS', 'UNDERGROUND', 'Antisemitismus in emanzipatorischen', 'Subkulturen und Bewegungen', 'Ein Abend mit', 'Nicholas Potter, Stefan Lauer,', 'Rosa Jellinek, Leon Kahane,', 'Konstantin Nowotny und', 'Anastasia Tikhomirova', 'DJ: Ori Raz (Motivo Positivo)', ' ', '19 Uhr | ://about blank | freier Eintritt']",simple,1.0
0149.jpg,18,7,0,1.0,1.0,0.0,0.0,"[' ', 'ANUNBRNUCHEND/CH/A', '   ', '  ', '7 N HEN', '- MUNCHEI', ' ']",simple,0.0
0151.jpg,6,1,0,1.0,1.0,0.0,0.0,[' '],simple,0.0
0152.jpg,5,47,1,0.8307692307692307,0.8666666666666668,0.1636363636363636,0.1333333333333333,"[' ', 'f\\ z statt 2 ÜWÜ I] T | |', 'lauﬁlemn auf .m ATOOL_', ' ', ' ', ' ', ' ', ' ', ' ', ' ', ' ', ' ', ' ', ' ', ' ', ' ', ' ', ' ', ' ', ' ', ' ', ' ', ' ', ' ', ' ', ' ', ' ', ' ', ' ', '      ', '  ', 'A Snnntag‚ 21 I\\nnl', 'SIart 14 Uhr', '  ', '   ', '  ', ' ', ' ', ' ', ' ', ' ', '  ', '\\]@@\\C-Q PowerShift Lflu Säi Ü', ""Bür nr..‚ cuumzﬁ '/( l \\"", '(m \\\\a <“ M \\', ' ', 'nlulllm']",simple,0.2
0153.jpg,21,18,8,0.637037037037037,0.6712018140589568,0.369047619047619,0.3605442176870748,"[' ', ' ', 'GEDENKEN BEIM MAHNMAL GEGEN KRIEG & FASCHISMUS', '12.03.1938 - 12.03.2025', 'NIE WIEDER IST JETZT!', '12.03.2025, Albertinaplatz, 18:30', 'GEDENKEN BEIM MAHNMAL', 'GEGEN KRIEG & FASCHISMUS', 'mit Beiträgen von: ME UL', 'Aaron Bezalel Haber MEYZECLT SE', 'Cornelius Obonya Monika Salzer', 'Dolores Bakos Philipp Miksch', 'Jenny & Omas on Stage Rihab Toumi', 'Ida Belaga Susanne Scholl', 'Leön de Castillo Ursula Berner', 'NIE WIEDER IST JETZT! 12.03.1938-12.03.2025', ' ', ' ']",simple,0.38095238095238093
0154.jpeg,7,3,1,0.9107142857142856,1.0,0.0892857142857142,0.0,"['    ', 'NSTAG', 'I6']",simple,0.14285714285714285
0155.jpg,5,10,3,0.5167676767676767,0.9,0.4777777777777777,0.1,"[' ', 'EIRST', 'SL_AYSTANS', ""s*©l_‘*n HA I'QTY"", '  ', '  ', '  ', '; ; 15/02 8SPM', 'REICI—IEAR REICHENBERGER STR S34', ' ']",simple,0.6
0156.jpeg,10,1,0,1.0,1.0,0.0,0.0,[' '],simple,0.0
0157.jpg,10,16,8,0.2318181818181818,0.325,0.7747368421052632,0.675,"['SIEG DER', 'FRIEDEN FÜ', '  ', '  ', '   ', '   ', 'Stoppt die Finanzierung', 'des russischen', 'Staatsterrors', '17. DECEMBER, 15:00', 'VOR DER RUSSISCHEN BOTSCHAFT', 'UNTER DEN LINDEN 63-65', 'j', 'N iiii', '© ®FAR Berlin', 'Demokrati-JA']",simple,0.8
0158.jpg,5,5,5,0.0125,0.0666666666666666,0.9857142857142858,0.9333333333333332,"['Kundgebung', 'zum 5, Jahrestag', 'des rechtsterroristischen', 'Anschlags von Halle', '9.10.2024 17:30 Uhr Oranienplatz']",simple,1.0
0160.jpg,6,5,3,0.5781499202551834,0.7083333333333334,0.45625,0.1666666666666666,"['— ALICE WEIDEL IN DER', 'DESTAI „_$CHLUSSRUNDE ‘', '— HEUTE/LIVE', '22:00 UHR ARD & ZDF!', ' ']",simple,0.5
0161.jpg,16,7,3,0.8333333333333334,0.859375,0.1631944444444444,0.140625,"['3 Jahre seit der großflächigen Invasion', 'Unsere Stimme für die Ukraine, für Demokratie, für Freiheit', 'FREE @ @ Deutsch-russischer', 'RUSSIANS @@ Menschenrechte-', 'GLOBAL @ .', ' ', 'W stand witrhkh UKkralilne']",simple,0.1875
0162.jpeg,17,16,11,0.3585561497326203,0.384313725490196,0.6404411764705882,0.615686274509804,"['Du willst dich', 'antifaschistisch', 'organisieren', 'und suchst', 'dafür andere Dann komm:', 'Menschen? ZU unserem', 'Plenum!', ' ', '14-tägig im Bandito Rosso*', '(Lottumstr. 10a, Prenzlauer Berg)', 'Offenes Antifa Treffe', '5,. März 2025, 19 Uhr', 'mit Input zum feministischen Kampftag', 'Web: oatberlin.noblogs.org Mail: oat-berlin@riseup.net', '*leider nicht barrierearm', ' ']",simple,0.6470588235294118
0163.jpg,8,13,6,0.3505494505494505,0.7083333333333334,0.653051948051948,0.2916666666666667,"['STOPPT', 'das*infektmnsschutzgesetz', ' ', '  ', '  ', '  ', '  ', '18.:11:2020', 'AD Uhr', 'Unsere Zivilisation - Unsere Regeln!', 'openknd', ' ', ""/ WES'GIBT KEINE""]",simple,0.75
0164.jpg,11,12,8,0.3205882352941176,0.4318181818181818,0.683968058968059,0.6363636363636364,"['Demokratie', 'verteidigen', 'Demonstration', '03.02', '15:00 Graz Hauptbahnhof', '16:30 Eintreffen Hauptplatz', '18:00 Lichtermeer 43', '     ', ' ', ' ', '%. Sohdansches Bundn15 furv Menschenrech’re', ""SE dhewr i und Demokra'ne a""]",simple,0.7272727272727273
0165.jpg,13,8,3,0.7788461538461539,0.7948717948717949,0.2252747252747253,0.1538461538461538,"[' ', 'Kulturpark - Wriezener Str., 15344 Strausberg', 'K', 'Am Strand', '_ Eintritt 11,90 €', '     ', ' ', 'nnnnnn']",simple,0.23076923076923078
0166.jpg,8,7,6,0.25,0.25,0.75,0.75,"['WORKSHOP:', 'HOW TO KULTURFÖRDERUNG', 'WITH KAROLINE LUCKS', '12.03.25 16-19', 'Clubcommission Office, Brückenstraße 1,', '10179 Berlin', ' ']",simple,0.75
0167.jpg,11,12,4,0.6790880456569606,0.7909090909090909,0.3204092204092204,0.1636363636363636,"['e_o_0_', 'B ,M Kultur- Flutopfer-Stiftung', '® zenfrum von 1962', '(auf Kultoan', 'Samstag - Saturday - Cy66oTa + 444', '08.07.2023 © 14.00 - 17.00', 'Q Seniorenzentrum Nordlandweg', 'Nordlandweg 110 - 22145 Hamburg', ' ', 'Kinderfest', 'Children’s festival . HetcKuM dectNBaNb + 4Sa S Güs', ' ']",simple,0.36363636363636365
0169.jpeg,11,16,10,0.1739489759252604,0.2382920110192837,0.8404040404040404,0.753443526170799,"['in Vorbereitung auf den 8. März', ' ', 'Mexiko: Im schwarzen Block der', 'Feministinnen', 'ARTE Reportage', ' ', 'KURZFILMABEND', '2.MÄRZI17:00IELELE', ' ', 'Inang Maynila', 'Life under martial law as a', 'rebellious Catholic', 'schoolgirl in the Philippines', '  ', 'R', ""In the toilet there was GW4 Mat's where werd""]",simple,0.9090909090909091
0170.jpeg,9,12,9,0.1193199502023031,0.324074074074074,0.9044159544159543,0.8148148148148148,"['fembi', 'Plakate mal }', 'den feministischen', 'Kampftag!', ""Am 04. März 2025 '"", 'Ab 19.30 Uhr PE', 'im Cafe Cralle ‘ .', 'Hochstädter Str.10a,', '13347 Berlin-Wedding', '  ', ' ', '    ']",simple,1.0
0171.jpg,16,15,13,0.25100695990138,0.3475694444444444,0.7573958333333335,0.7149305555555556,"['V Eiltern', 'stehen auf', 'Rheinland-Pfalz', 'Wir sind das', ' ', 'Spaziergang jeden Tag im LockDown', 'Ab Montag, 2.11.', '19:00 - 19:30 Uhr', 'Start Marktplatz in jeder Stadt/Ort', 'KOMMT ALLE!', 'Taschenlampe, Handy-Lampe, Laterne', 'Die Leute werden neugierig sein und alle sehen. Es werden', 'so immer mehr werden. Keine Anmeldung |1<=.-der für sich.', 'einer kann uns so aufhalten!', ' ']",simple,0.8125
0172.jpg,13,17,0,1.0,1.0,0.0,0.0,"['  ', '    ', '  ', ' ', '    ', '     ', '    ', '     ', ' ', '6 km 2016', '| Hanau 17 Uhr', '_ Marktplatz 16. September', 'die gesund', 'umicore /HSB— Hen', 'Stadtwerke Hanau Z me', 'GOODYEAR DUNLOP (E;IERMER', 'ir Frauenlragen und Chancengleichheit']",simple,0.0
0173.jpg,10,20,10,0.05,0.05,0.96,0.9,"['0>', 'DEMONSTRATION', 'FÜR DIE', 'AUFNAHME DER', 'MENSCHEN', 'AN DER POLNISCH', 'BELARUSSISCHEN', 'GRENZE!', '14. NOVEMBER', 'UHR', 'BRANDENBURGER TOR', ' ', '  ', '  ', ' ', ' ', ' ', '   ', ' ', '   ']",simple,1.0
0176.jpg,13,11,9,0.3461996336996337,0.3846153846153846,0.6580100810870042,0.5192307692307693,"['  ', 'Samstag, 30.11.2024, 11-13 Uhr', 'CODING', 'in der FeUGPWACHE', '? Bibliothek “Alte Feuerwache”', 'Michael-Brückner-Str. 9, Schöneweide', 'm Bring ein Laptop oder Tablet mit', 'oder reserviere ein Leihgerät! KOSTENLOS', 'PROGRAMMIEREN', 'LERNEN', 'https://coderdojo-schoeneweide.de']",simple,0.6923076923076923
0177.jpg,15,5,2,0.8666666666666667,0.8666666666666667,0.1333333333333333,0.1333333333333333,"[' ', 'DEMO', '   ', ' ', 'Austehen-gegen-Rassismus.de']",skewed,0.13333333333333333
0178.jpg,14,11,8,0.4907672365299483,0.6168831168831169,0.511597019760285,0.3571428571428571,"['   ', '01160724', 'Stantsaal', 'FÜrSteNTEIANTUCK', 'KROATISCHES NATIONALBALLETT', 'TRANSPARADA', 'SCNOFCOOTaNE:', 'asa Kolar/ Mauro BIyONZEI / Marco GOoeCKE / NadavZeiner', 'www.dancefirst.de', 'tanzfestival', 'juni/juli 2024']",skewed,0.5714285714285714
0179.jpg,13,14,6,0.5467032967032966,0.6153846153846154,0.4532967032967033,0.3846153846153846,"[' ', ' ', '    ', '      ', 'In Europa', '& vor Ort', '  ', 'D', 'Y', '| ‘éh. im', 'ganzen', 'Land', '23.5. bis 8.6.24', 'rechtsextremismus—stoppen.‚dé']",skewed,0.46153846153846156
0180.jpg,12,14,10,0.2774598087098087,0.4583333333333333,0.7668650793650794,0.75,"[' ', 'IS PALESTINE', 'A FEMINIST', '/ ISSUE?!', 'ZUR VERSCHRÄNKUNG', 'VON (QUEER-)FEMINISMUS', 'UND ANTISEMITISMUS', '    ', '   ', ' ', 'Vortrag & Diskussion mit __ g%ß', 'Cordula Trunk _ s', 'Do 19.12. S', '19:00 Uhr q']",skewed,0.8333333333333334
0181.jpg,11,8,7,0.3711001642036124,0.4242424242424242,0.6325757575757576,0.5303030303030304,"['ESIST WIEDER SOWEIT!', 'IN RAHLSTEDT', 'IST WAS LOS,', 'Digga!', ' ', '31. AUGUST - 18. OKTOBER 2024', 'VERSCHIEDENE ORTE IN RAHLSTEDT', 'RAHLSTEDTER KULTURWOCHEN']",skewed,0.6363636363636364
0182.jpg,9,13,4,0.6290269151138717,0.8055555555555556,0.3746005202526942,0.1481481481481481,"['    ', '    ', 'ANTI IFABI.OCI(', 'Un wr SSCHEN TOTSCHLAB.', 'CHE ZUSTÄNDE AUFMISCHE', '30 JAHRE NACH DEN POGROMEN', '_ »ERINNERST DU DICH NOCH', 'WCK-I.ICI-ITENHAGEN""\'', 'ül an', '  ', 'DEL', '   ', ' ']",skewed,0.4444444444444444
0183.jpg,8,6,0,1.0,1.0,0.0,0.0,"['>', '—: g’\\”\\', '               ', 'An', 'Jf', ' ']",skewed,0.0
0185.jpg,11,4,0,1.0,1.0,0.0,0.0,"[' ', ' ', ' ', ' ']",skewed,0.0
0186.jpg,17,15,11,0.3915032679738562,0.5,0.6122260668973472,0.5,"['Freitag,', '11. Oktober 2024', 'Einlass ab 18 Uhr', 'Beginn: 19 Uhr', 'im ://about blank', 'Markgrafendamm 24Cc', '10245 Berlin', '   ', 'Eine Veranstaltung des', 'diske.', 'FRENCH', 'CONNECTI', ' ', 'on', ' ']",skewed,0.6470588235294118
0187.jpg,5,26,2,0.71,0.8166666666666667,0.2869281045751634,0.2333333333333333,"['‚a', '    ', 'Rückbau statt Neuliäi(_é', '— Stadtraum für alle. *', '  ', '  ', '7 - ÜCKe überm', 'A FU n FUTZ', 'SIN S C', '— S ; 3', 'Y ERLIA n1uhhehe u', '- S', 'Ü u@‚erln7r7a“g‚;e] |ebensIaule% N Y @J%\\\\‚Ä“Y‘ <>', ""GÄ/Ü BI-' WUHLHEIDE Ol"", ""£%'é ÜHÄä'7}ES S ®% P\\‚wersh/ft BUND"", ':llabout blank Q > NI', ""\\lERK%PDI'!I?II'!\\'A%!VFN ‘ 7 Tf"", '7 n ulsis| . \\ i GLUB !', 'IR eniugend K Zuls 5 O ir', ' ', ' ', ' ', ' ', ' ', ' ', ' ']",skewed,0.4
0190.jpg,7,1,0,1.0,1.0,0.0,0.0,[' '],skewed,0.0
0191.jpg,8,4,2,0.75,0.75,0.25,0.25,"['   ', ' ', '18:00 Uhr', 'Oranienplatz']",skewed,0.25
0193.jpg,8,1,0,1.0,1.0,0.0,0.0,[' '],skewed,0.0
0194.jpg,8,16,5,0.4701854395604395,0.7291666666666666,0.5575586694007747,0.4895833333333333,"['   ', '    ', '      ', ' ', '<', 'Jn', 'A 17.05.2025 —', 'S TREPTOWER PARK G', '14-17 UHR Protestfest für _', 'Kinder und Erwachsene —-', '17-22 UHR Protestrave 0', '\\\\\\\\', 'CHANGINO |=*,', ':!labout blank', 'CIMES', 'HK® Ö GLUBCOMMISSION|']",skewed,0.625
0195.jpg,12,1,0,1.0,1.0,0.0,0.0,[' '],skewed,0.0
0196.jpg,11,9,6,0.4606060606060606,0.4727272727272727,0.541958041958042,0.4545454545454545,"['  ', '\\ R', 'S', 'NAZI-AUFMARSCH VERHINDERN!', '12:15 - Start S Friedrichstraße (Südseite)', '13:00 - Zwischenkundgebung Bebelplatz', '13:30 - Gegenprotest Neptunbrunnen', '(Nähe Startplatz rechte Demo)', 'Weitere Route: Infos folgen!']",noisy,0.5454545454545454
0197.jpg,11,10,7,0.3954545454545454,0.4545454545454545,0.6042780748663101,0.5454545454545454,"['22.2.25', '12:30 DEMO', 'S HOHENSCHÖNHAUSEN', 'VORTREFFPU,', 'M NKT', '2:00 s LlCHTEN€E?G°', '13:00', 'KUNDGEBUNG', 'PREROWER PLATZ', '   ']",skewed,0.6363636363636364
0198.jpg,9,8,4,0.5629992737835875,0.6370370370370371,0.4364483382005285,0.3629629629629629,"['n', 'ZEIT ZU HANDELN', '   ', '    ', 'WAHLTAGPROTEST', 'antifaschistisch - queerfeministisch - klimagerecht', 'antirassistisch - klassenkämpferisch', ' ']",fancy,0.4444444444444444
0199.jpg,8,6,5,0.4490196078431372,0.6458333333333334,0.5551835317460317,0.4375,"['RECHTEN MARSCH', 'SAMSTAG, 22.02.25', 'SCHIFFBAUE&DAMM 1', '  ', ""FU EINE VIELFA'EHGE :"", ""UND SOLIDARISCHE GESE[LSCHAFT' \\""]",skewed,0.625
0200.jpg,9,13,8,0.1702112702112702,0.4444444444444444,0.8424630924630925,0.4814814814814814,"['NEIN ZUR AFDI', '—d', 'DER AFD KEINE PLATTE LASSEN!', '2.02.2025', '/ AB 13:00 UHR', 'GEGEN DIE AFD', 'ABSCHLUSSKUNDGEBUNG', '   ', ' ', ' ', ' ', '"" REROWER PLATZ', 'NEU - HOHENSCHÖNHAUSEN']",skewed,0.8888888888888888
0201.jpg,10,12,6,0.5492623716153127,1.05,0.4855090497737556,0.4,"['Bvandmau x @5', '   ', '     ', 'se09.r 2.L‘\\7', 'Willy-Brandt-Haus \\ \\}\\', '15.05 Uhr', ' ', ' ', 'Protestzus zur ""”LF', 'CDU Bundesgeschäftsstelle', '% J', 'Unsere Protestwelle: 27.01 - 9.02 - 20.02 - 22.02']",fancy,0.6
0202.jpg,19,8,1,0.9490131578947368,0.95906432748538,0.0507518796992481,0.0409356725146198,"['$', '\\ U X A R S01', 'H x ME', 'ETZWERK ET A', 'EERFEM ‘ Q Denken AUFSTEHEN GEGEN-RASSISMUS DE', 'Gegenprotest - dem Naziaufmarsch widersetzen - nun aktiv werden!', 'MRIr RECLAIM ‘ —', ' ']",skewed,0.05263157894736842
0203.jpg,10,4,2,0.8383838383838385,0.9166666666666666,0.1625,0.05,"['KOLTÜRGEGEN AMAZON', 'Nähe S+U Bhr Warschauerstr,', 'OTEn T7n', ' ']",fancy,0.2
0204.jpg,26,14,3,0.9236596736596738,1.051282051282051,0.091025641025641,0.0,"['E Neuwahlen:', ""'Ä } Faschismus"", 'ö tötet - nun', "".8 W|dersetzen'"", 'DY \\', 'X', 'Y', 'Z', 'LE V m 0% @°', '[ elubliebe da', 'SCIENTIST B', 'REBELLION B', 'n KL', ' ']",skewed,0.11538461538461539
0205.jpg,10,4,3,0.7,0.7,0.3,0.3,"['ZEIT ZU HANDELN', 'Die AfD-Party zur Landtagswahl versauen!', ' ', '22.09.2024 | Potsdam']",simple,0.3
0206.jpg,10,5,3,0.7,0.7,0.3,0.3,"[' ', '     ', '17 UHR | Berlin', 'Alt-Blankenburg 12', 'Nähe S-Bhf. Blankenburg']",skewed,0.3
0207.jpg,5,2,0,1.0,1.0,0.0,0.0,"['@mukßwﬂ* bloﬁbﬁ E9@lil*l', ' ']",skewed,0.0
0208.jpg,12,14,9,0.2690645773979107,0.3313492063492063,0.7347357503607505,0.626984126984127,"['ELSÄSSER, Sa_13.7.24', 'HALTS MAUL!', '‚ Compact Magazin', 'S', 'Startpunkt 15:00 Uhr', 'Falkensee Bahnhof', '   ', 'gemeinsame Anreise:', '14:05 Ostkreuz Gl. 2', 'mit Musik- von', 'Paul Geigerzähler', 'P', '4O', 'V.I.S.D.P Otto Roth, Lilienstraße 161# 14612 Falkensee']",simple,0.75
0209.jpg,9,17,7,0.2569597069597069,0.4047619047619047,0.7412457912457913,0.5952380952380953,"[' ', 'widersetzen.com', 'INFOS:', 'Mach Dich', 'schlau & dann', 'mach mit', '>', 'AfD Parteita', 'verhinden%', 'Mit dem Bus', 'nach Essen!', 'Gemeinsam', 'widersetzen', '28. - 30. Juni 2024 in Essen', 'Freitag, 19 Uhr: Rave-Demo & großes Aktionsplenum', 'Samstag, 6 Uhr: Demonstrationen & massenhaftes Widersetzen', ' ']",skewed,0.7777777777777778
0210.jpg,8,8,2,0.7765151515151516,0.9166666666666666,0.2229166666666666,0.0833333333333333,"[' ', ' ', '  ', '   ', ' ', 'lnouznm%', 'START: STRALAUER PLAT', '__(OSTBAHNHOF)']",fancy,0.25
0211.jpg,6,2,0,1.0,1.0,0.0,0.0,"[' ', ' ']",fancy,0.0
0212.jpg,9,7,4,0.5736961451247166,0.7407407407407408,0.4326241134751772,0.3333333333333333,"['    ', '4R', 'Y Y', '© FRAUENKAMPFTAG.SFO | © KEINESHOWEUERTAETER®BERLIN }', 'Demo: 25. November 2023', '16:30 Uhr * Boxhagener Platz * Berlin', 'Internationaler Tag zur Beseitigung patriarchaler Gewalt']",fancy,0.4444444444444444
0213.jpg,11,11,10,0.1403162055335968,0.2181818181818181,0.8702153110047847,0.7272727272727273,"['KEINE PROFITE MIT', 'VERSCHWÖRUNGS-', 'IDEOLOGIEN', 'Ganser raus aus', 'der Stadthalle!', 'DEMONSTRATION', '22.10.23', 'FALKENSEE', '17 30 UHR | BAHNHOF FKS', '  ', '(©) @afa.fks']",simple,0.9090909090909091
0214.jpg,11,32,0,1.0,1.0,0.0,0.0,"[' ', 'S', '<L', '“', '“', 'n', 'LE}', '=', 'frı', '7r', '[=—', '( ]', 'I =', '=)', 'frı', 'S', 'I', 'o', 'Z=', '=', '—', '>', 'D', '&mM', 'ı', '=', '=', '>', 'L', 'LE', '<', '(de)']",fancy,0.0
0215.jpg,13,13,11,0.1923076923076923,0.2307692307692307,0.8269230769230769,0.7692307692307693,"['HUMMUS &', '„ BASS', 'STATT', 'HETZE', '& HASS', 'ANTIFA', 'PICKNICK', 'GEGEN', 'QUERDENKEN', 'PARTY', 'IM MAUERPARK', '  ', ' ']",skewed,0.8461538461538461
0216.jpg,12,18,9,0.2983152958152958,0.3854166666666667,0.7000204750204749,0.6145833333333334,"['KRITISCHE PERSPEKTIVE', 'AUF DEN OSTERMARSCH ’23', 'SAMSTAG 08.04. AB 13 UHR > MÜLLERSTRASSE 146', 'VE TTT', 'Linkssein..', ' ', ' ', ' ', '  ', '„nicht vor', 'Konservatismus', 'schützt..', '     ', '   ', '  ', ' ', '„Die Hufeisentheorie', 'aber trotzdem \': ""ist.']",skewed,0.75
0217.jpg,10,11,6,0.4229166666666667,0.525,0.5882183908045977,0.5,"['GEGENKUNDGEBUNG', 'ZUR RECHTSOFFENEN QUERFRONTDEMO', '„AUFSTAND FÜR FRIEDEN“', ""'??p"", '®', '   ', '   ', 'SAMSTAG, 25.02. AB 14 UHR VEHTTORESST', 'Im Tiergarten ggü. US-Botschaft, B', 'Ecke Platz des 18. März', '@ GERADEDENKEN']",simple,0.6
0218.jpg,5,7,4,0.216,0.3,0.7833333333333333,0.7,"['Geradedenhén präsentiert:', '»[APTAIIIILI’E@3VS Han g', '  ', '    ', 'Montag 09.01.2023', '18:00 Uhr', 'Max-Schmeling-Halle']",simple,0.8
0219.jpg,10,10,3,0.7307692307692307,0.8,0.2692307692307693,0.2,"['SiraBenFFFesi_', '|_ vmnı', '14:30 Laufdemo Leopoldplatz', '   ', '  ', ' ', ' ', ' ', '16-19 Uhr', '  ']",skewed,0.3
0220.jpg,10,5,2,0.8,0.8,0.2,0.2,"[' ', ' ', '    ', 'Gegen Querdenken', 'und Rechts']",fancy,0.2
0221.jpg,9,11,8,0.1917637917637917,0.4166666666666667,0.8090643274853802,0.5833333333333334,"['GEGEN KRIEG', 'TASCHISMUS', 'ZQUERFRONT', 'Kein Platz für Verschwörungsideolog*innen', 'und ihre rechtsoffene »Friedenskundgebung«', 'auf dem Weißenseer Antonplatz!', 'p[""g 25.06.22 12“ UUR', 'ANTONPLATZ WEISSENSEE', ' ', '  ', ' ']",fancy,0.8888888888888888
0222.jpg,16,6,2,0.8967307692307692,0.9166666666666669,0.1023962450592885,0.0833333333333333,"[""Mb„uﬂü'.nl@lo.ti"", 'A |', '    ', 'DIE LINKE WEDDING / OMAS GEGEN RECHTS', ""„llll$ßlﬂlﬂ'l$ß‘llll&‘b'ﬁlf\\ LL"", 'BECHTEN & ANTISEMIT:INNEN']",skewed,0.125
0223.jpg,11,4,1,0.9166666666666664,0.9393939393939392,0.0818181818181818,0.0606060606060606,"['S', '—AB 13:30 UHR', ' ', ' ']",fancy,0.09090909090909091
0224.jpg,11,5,4,0.6789964034282217,0.9772727272727272,0.3416666666666667,0.0909090909090909,"['— _ +Putinfans', 'A GEGEN QUERDENKEN UND RECHTS', 'KASTANIENALLEE/ ZIONSKIRCHSTRASSE', 'MONTAG, 28.02. 19 UHR', ' ']",skewed,0.36363636363636365
0225.jpg,7,5,5,0.3598922902494331,0.7619047619047619,0.6361152153168961,0.238095238095238,"['Berlin?!', 'Besser ohuer die', 'Junge Alternative,', '[11.12.21', '114.30 Kundgebung']",fancy,0.7142857142857143
0226.jpg,9,3,0,1.0,1.0,0.0,0.0,"['Alle Geschlechter S: SCHONHAUSSLANGS Barrierearm', 'willkommen! S d Maskenblock', ' ']",simple,0.0
0227.jpg,8,1,0,1.0,1.0,0.0,0.0,[' '],fancy,0.0
0228.jpg,8,14,7,0.2673489132289973,0.8416666666666667,0.7923874736374736,0.3375,"[""er 19.04.2025 ;'.\\"", '> Einladung \\', 'b', 'ı zum Gädenkspanergang ;', '‘ D /', '.', '*', 'r', 'ehm. Zwangsarbeiter*innen-Laéer', 'Großmotorenwerk der Daimler- .', 'Benz AGin Ludwigsfelde und', 'gemeinsame Gedenkminute ö', '. am Waldfriedhof', ' ']",skewed,0.875
0229.jpg,8,1,0,1.0,1.0,0.0,0.0,[' '],skewed,0.0
0230.jpg,7,5,4,0.4387755102040817,0.5714285714285714,0.5612244897959184,0.4285714285714285,"[' ', 'PunkRock_Lyrik', 'gegen die Arbeit', 'Donnerstag, 17.04.25, 19:00 Uhr', 'RegenbogenCafe']",fancy,0.5714285714285714
0231.jpg,10,8,2,0.8585858585858587,0.9833333333333332,0.1333333333333333,0.0666666666666666,"['    ', ' ', 'STWDENTZSCHE FRE HAIIH', '|‘l\\ ET ANDER FU', '15 APRII.', 'AB 286 UHR', ' ', ' ']",fancy,0.2
0232.jpg,12,10,8,0.4125330687830688,0.6666666666666666,0.591765873015873,0.4166666666666667,"['Save the Date!', '13.04.25', '15-21 Uhr', 'Diskussion,', ""so,i—Mel'ch"", 'Crepe&s', '& Drink', 'Balkanbrücke s', 'Fruhlmgsevent', ' ']",skewed,0.6666666666666666
0233.jpg,8,10,7,0.1283783783783783,0.15625,0.8713235294117647,0.84375,"[' ', '    ', 'DEMONSTRATION', '05.04.2025', ' ', 'U-BERNAUERSTRASSE', 'Für eine demokratische Lösung der', 'kurdischen Frage und die Freilassung', 'von Abdullah Öcalan, dem', 'Repräsentanten des kurdischen Volkes,']",simple,0.875
0234.jpg,4,7,4,0.0166666666666666,0.0625,0.9814814814814816,0.9375,"['#TeslaTakedown', '5. April - 12 Uhr', 'Kundgebung', 'Tesla Store Wilhelmstr. Berlm', 'ST IT HE', 'Bewegt Politik', ' ']",simple,1.0
0235.jpg,8,8,4,0.5357142857142857,0.5833333333333333,0.4671052631578947,0.375,"['INFOTREFFEN / MOBI GEGEN', 'DEN VETERANENTAG', 'information and mobilization for the protest', 'against the first German Veterans Day', '3. April 2025 / 20:00', 'Fischladen Rigaerstr. 83 / 10247 Berlin', 'U-Bhf Samariterstrasse', ' ']",simple,0.5
0236.jpg,5,4,3,0.4,0.4,0.6,0.6,"['SOLIDARISCHER STAMMTISCH GEGEN', 'Diskussion & Abendessen am 1. April ab', '19:00 im Maggie, Frankfurter Allee 205', ' ']",simple,0.6
0237.jpg,8,8,7,0.1441761363636363,0.2083333333333333,0.8593137254901961,0.7083333333333333,"['Gerechtigkeit für Cleo!', 'Gegen Racial Profiling', 'und Transmisogynoir!', 'Mo, _ 31. März um 12 Uhr', 'Justizzentrum Potsdam', 'ägerallee 10-12', '14469 Potsdam', ' ']",simple,0.875
0238.jpg,13,16,4,0.775402537965467,0.9948717948717948,0.2310679516561869,0.0,"['      ', '   ', ' ', 'BLEIRERECHTSKAMPF', 'D END', 'Ar .00 - 20.00 FLINTA 00y', '/ y ovenie. 0 SOVE SP<U—*‘°FIV\\ MC', 'vr welcomg', ' ', '      ', '     ', ' ', '  ', '(E THEM PRETTY -SONGS%', 'Gr INTENSIVE SNARE. UNLT#', '   ']",fancy,0.3076923076923077
0239.jpg,11,1,0,1.0,1.0,0.0,0.0,[' '],photo,0.0
0240.jpg,10,10,10,0.0143448275862068,0.1166666666666666,0.9958333333333332,0.8166666666666668,"['#KeinFussbreit!', 'Antisemitismus und', 'Rassismus töten -', 'rechter Terror bedroht', 'unsere Gesellschaft!', 'Demonstration:', 'Sonntag=13.10.2019 - 13 Uhr', 'Bebelplatz- Berlin-Mitte', 'unteilbar.org/keinfussbreit', 'Foto: Allexkoch, CC BY-SA 4.0']",simple,1.0
0241.jpg,17,38,1,0.942455242966752,0.9529411764705882,0.057422969187675,0.0470588235294117,"[' ', ' ', ' ', ' ', ' ', ' ', ' ', ' ', ' ', ' ', ' ', ' ', 'DEMOKRATISCHER |', 'WÄiDERSTAND', 'z', 'fa', '=', '=', 'O|', '-', 'z', 'en', 'z', '}.', '!', '|', '|', '|', '/', '|', '|', '#', '- I5', ' ', '‚Der Demokratische Widerstand besteht weiterhin', '+ auf die ersten 20 Artikel unserer Verfassung! + auf Beendigung des Notstands-Regimes!', '+ auf die Würde der Alten & der Kranken! + auf Wahlen & umfassende Transparenz!', '+ auf Beendigung des obrigkeitsstaatlichen Terrors! + auf demokratische Regeln für unser künftiges Wirtschaftssystem!']",simple,0.058823529411764705
0242.jpg,9,9,3,0.7468409586056644,0.9444444444444444,0.2735449735449735,0.0,"['| [SCHAUT NICHT WEGT] |', ' ', ' ', 'A W 1', 'M', '    ', '   ', 'ı 06.10.2024 DEMO', '/ R Uhr Antonplatz']",photo,0.3333333333333333
