file_name,category,Anzahl_EVENT_gt,Anzahl_EVENT_erkannt,Anzahl_TOPIC_gt,Anzahl_TOPIC_erkannt,Anzahl_DATE_gt,Anzahl_DATE_erkannt,Anzahl_TIME_gt,Anzahl_TIME_erkannt,Anzahl_LOC_gt,Anzahl_LOC_erkannt,erkannte_entities,nicht_erkannte_entities,Erkennungsrate_EVENT,Erkennungsrate_TOPIC,Erkennungsrate_DATE,Erkennungsrate_TIME,Erkennungsrate_LOC
0001.jpg,noisy,1,0,0,0,2,0,1,0,2,0,,[EVENT] WEIHNACHTSFEIER; [DATE] DIENSTAG; [DATE] 21.12.; [TIME] 19 UHR; [LOC] SPRACHCAFE; [LOC] OLOF-PALME ZENTRUM,0.0,0.0,0.0,0.0,0.0
0002.jpg,noisy,1,0,1,1,1,1,1,1,2,0,[TOPIC] SOLIDARITÄT MIT ALLEN!; [DATE] 8.8.; [TIME] 16 Uhr,[EVENT] KUNDGEBUNG; [LOC] Dresden; [LOC] Großer Garten,0.0,1.0,1.0,1.0,0.0
0003.jpg,noisy,2,2,1,1,1,0,1,1,3,3,[EVENT] Gedenkkundgebung; [EVENT] Demonstration; [TOPIC] Solidarität mit den Opfern des deutschen Antisemitismus und Rassismus!; [TIME] 18:00 Uhr; [LOC] Mahnmal; [LOC] Levetzowstraße; [LOC] Berlin-Moabit,[DATE] 9. November 1938–2023,1.0,1.0,0.0,1.0,1.0
0004.jpg,noisy,1,1,0,0,2,0,1,0,2,0,[EVENT] FEIERABEND SINGEN,[DATE] MITTWOCH; [DATE] 21. JUNI 2023; [TIME] 17.00 UHR; [LOC] Grundschule Islandstraße; [LOC] Islandstraße 25,1.0,0.0,0.0,0.0,0.0
0006.jpg,noisy,1,1,1,0,1,0,1,0,0,0,[EVENT] DEMO,[TOPIC] GEGEN GENTRIFIZIERUNG; [DATE] 09. JULI 2022; [TIME] 15:00 UHR,1.0,0.0,0.0,0.0,0.0
0007.jpg,noisy,1,0,1,0,1,0,1,0,2,0,,[DATE] 9. Mai 2024; [EVENT] Demo; [TOPIC] Tag der Befreiung!; [TIME] 13h; [LOC] Ostkreuz; [LOC] Sonntagstraße,0.0,0.0,0.0,0.0,0.0
0009.jpg,noisy,1,0,1,0,1,1,1,0,3,0,[DATE] 10. Mai 2022,[TOPIC] OMAS GEGEN RECHTS; [EVENT] Benefizabend; [TIME] 19:30 Uhr; [LOC] Ateliertheater; [LOC] Burggasse 71; [LOC] 1070 Wien,0.0,0.0,1.0,0.0,0.0
0010.jpg,noisy,1,0,1,0,1,0,1,0,2,1,[LOC] REWE,[TOPIC] GRUNDGESETZ; [EVENT] MEDITATION; [DATE] 02.05.2020; [TIME] 15:30 UHR; [LOC] BLIESKASTEL,0.0,0.0,0.0,0.0,0.5
0011.jpg,noisy,1,0,2,0,1,0,0,0,1,0,,[DATE] 11. Januar 2025; [LOC] Riesa; [EVENT] PROTEST; [TOPIC] GEGEN DEN AFD- BUNDESPARTEITAG; [TOPIC] STOPPT DIE AfD,0.0,0.0,0.0,0.0,0.0
0012.jpg,noisy,3,3,1,0,3,3,0,0,3,3,[LOC] Berlin; [DATE] 29. August; [LOC] Berlin; [DATE] 29. August; [EVENT] Großdemo; [EVENT] Parade; [EVENT] Kundgebung; [DATE] 29.8.2020; [LOC] Berlin,[TOPIC] für das Grundgesetz und eine Basis-Demokratische Wende,1.0,0.0,1.0,0.0,1.0
0013.jpg,noisy,1,0,3,2,1,0,1,1,2,1,[TOPIC] ERINNERN HEISST KÄMPFEN!; [TOPIC] WIR FORDERN EINE LÜCKENLOSE AUFKLÄRUNG UND KONSEQUENZEN!; [TIME] 14 UHR; [LOC] BERLIN,[EVENT] KUNDGEBUNG; [TOPIC] RASSISMUS UND FASCHISMUS ENTSCHLOSSEN BEKÄMPFEN!; [DATE] 19. FEB; [LOC] ORANIENPLATZ,0.0,0.6666666666666666,0.0,1.0,0.5
0014.jpg,noisy,1,0,1,0,1,0,2,0,0,0,,[EVENT] Broschüren-Release; [DATE] 5. Juli 2023; [TIME] 18:30; [TIME] 19 Uhr; [TOPIC] Strategien und Maßnahmen gegen Sexismus und sexualisierte Gewalt auf Festivals & Co,0.0,0.0,0.0,0.0,0.0
0015.jpg,noisy,2,0,1,0,2,0,1,1,2,0,[TIME] 19 UHR,[DATE] FR; [DATE] 28. JUNI; [EVENT] RAVE; [EVENT] DEMO; [TOPIC] BASS GEGEN HASS; [LOC] ESSEN; [LOC] HBF,0.0,0.0,0.0,1.0,0.0
0016.jpg,noisy,1,0,2,1,2,1,1,1,2,2,[TOPIC] Bau dein eigenen PC und Smartphone; [LOC] Mittelpunktbibliothek; [LOC] Treptow; [DATE] 16.11.2024; [TIME] 11 bis 13 Uhr,[EVENT] WORKSHOP; [TOPIC] Do it Yourself; [DATE] Samstag,0.0,0.5,0.5,1.0,1.0
0017.jpg,noisy,2,2,2,0,2,2,3,2,4,3,[DATE] Sa; [DATE] 08.05.2021; [EVENT] Gedenken; [LOC] Sowjetisches Ehrenmahl; [LOC] Buch; [EVENT] Kundgebung; [TIME] 15:00 Uhr; [TIME] 14:30 Uhr; [LOC] Bahnsteig,[TOPIC] 76 Jahre Befreiung vom Faschismus; [TOPIC] Erinnern heißt KÄMPFEN!; [TIME] 10:00–18:00 Uhr; [LOC] S-Pankow,1.0,0.0,1.0,0.6666666666666666,0.75
0018.jpeg,noisy,2,2,2,0,1,0,1,0,3,2,[EVENT] KUNDGEBUNG; [EVENT] AUFZUG; [LOC] KASSEL; [LOC] KASSEL,[TOPIC] Nein zur Impfpflicht!; [DATE] 29. JANUAR 2022; [TIME] 14.00 UHR; [LOC] KÖNIGSPLATZ; [TOPIC] FÜR FRIEDEN & FREIHEIT,1.0,0.0,0.0,0.0,0.6666666666666666
0019.jpg,noisy,1,0,0,0,2,0,1,0,1,0,,[EVENT] antifaschistische RALLY; [LOC] BRENNER-BERG; [TIME] 12 UND 16 UHR; [DATE] 15.5.; [DATE] 16.5.,0.0,0.0,0.0,0.0,0.0
0020.jpg,noisy,1,1,1,0,2,0,1,0,2,1,[EVENT] DEMONSTRATION; [LOC] MEISTERSINGERHALLE,[DATE] SONNTAG; [DATE] 06.09.2020; [TOPIC] SCHÜLER/-INNEN GEGEN DIE MASKENPFLICHT!; [TIME] 15:30 UHR; [LOC] NÜRNBERG,1.0,0.0,0.0,0.0,0.5
0022.jpg,noisy,4,4,1,0,3,2,1,1,2,1,[EVENT] DEMO; [EVENT] PROTEST CAMP; [EVENT] WORKSHOPS; [EVENT] PERFORMANCES; [DATE] SAMSTAG; [DATE] 13.08.2022; [TIME] 14.00 UHR; [LOC] BERLIN,[TOPIC] 1 JAHR TALIBAN REGIME; [DATE] 13.08.2022 — 15.08.2022; [LOC] AUSWÄRTIGES AMT,1.0,0.0,0.6666666666666666,1.0,0.5
0023.jpg,noisy,1,1,1,0,1,1,1,1,1,1,[DATE] 09. Mai; [TIME] 15.30 Uhr; [LOC] Biberach Gigelberg; [EVENT] DEMO,[TOPIC] Wahrung der Grundrechte freie Impfentscheidung,1.0,0.0,1.0,1.0,1.0
0024.jpg,noisy,1,1,3,2,2,1,1,1,2,2,[EVENT] ONE BILLION RISING; [LOC] HANAU; [TOPIC] gegen Gewalt an Frauen; [DATE] 14. Februar; [TIME] 16 Uhr; [LOC] Marktplatz; [TOPIC] Tanzt mit!,[DATE] 2017; [TOPIC] Eine weltweite Aktion gegen Gewalt an Frauen,1.0,0.6666666666666666,0.5,1.0,1.0
0025.jpg,noisy,0,0,3,0,2,0,1,0,1,0,,[TOPIC] IN ZWICKAU SIND WIR STARK GEGEN RECHTEN QUARK!; [DATE] SA; [DATE] 17.08.; [TIME] 13:30 Uhr; [LOC] Hauptbahnhof; [TOPIC] SACHSEN UNTERSTÜTZEN; [TOPIC] STOPPT DIE AfD,0.0,0.0,0.0,0.0,0.0
0026.jpg,noisy,1,0,1,0,1,0,1,0,1,0,,[TOPIC] Kultur & Strasse; [EVENT] FESTIVAL; [LOC] Berlin; [DATE] 21. Juli 2024; [TIME] 13:00 – 22:00 Uhr,0.0,0.0,0.0,0.0,0.0
0027.jpg,noisy,1,0,2,0,1,0,1,0,2,0,,[TOPIC] A100 WEGBASSEN!; [EVENT] FAHRRADDEMO; [TOPIC] gegen die A100 vom Verkehrsministerium; [LOC] Ostkreuz; [DATE] 2.9.; [TIME] 14 Uhr; [LOC] Invalidenpark,0.0,0.0,0.0,0.0,0.0
0028.jpg,noisy,1,0,2,0,1,0,1,0,2,1,[LOC] Dresden,[TOPIC] CORONA IST NICHT DAS PROBLEM; [EVENT] KUNDGEBUNG; [TOPIC] EINE WIRTSCHAFTSKRISE?; [LOC] Neumarkt; [DATE] 20.6.; [TIME] 16.30 Uhr,0.0,0.0,0.0,0.0,0.5
0029.jpg,noisy,3,2,2,0,1,1,1,1,4,2,[LOC] 10245 Berlin; [DATE] 13.11.; [EVENT] Kiezdemo; [EVENT] Kundgebung; [TIME] 13 Uhr; [LOC] Rudolfplatz,[LOC] Zukunft am Ostkreuz; [LOC] Laskerstraße 5; [TOPIC] Gegen die Kündigung der Zukunft am Ostkreuz zum 31.03.22; [EVENT] Aktionstag; [TOPIC] Für Erhalt und langfristige Sicherung von kulturellen Zwischenräumen – fürs Ostkreuz und ganz Berlin,0.6666666666666666,0.0,1.0,1.0,0.5
0030.jpg,noisy,1,1,2,1,1,0,1,0,2,2,[EVENT] KUNDGEBUNG; [TOPIC] GENUG MIT DER ANGST!; [LOC] Dresden; [LOC] Neumarkt,[TOPIC] SCHLUSS MIT CORONA!; [DATE] 13.6.; [TIME] 16.30 Uhr,1.0,0.5,0.0,0.0,1.0
0031.jpg,noisy,2,0,1,0,1,0,2,1,2,0,[TIME] 18 UHR,[TOPIC] TECHNOPUNK GEGEN UNHALTBARE ZUSTÄNDE; [DATE] 14.10.2021; [EVENT] DEMO; [LOC] HERMANNPLATZ; [EVENT] FAHRRAD-DEMO; [TIME] 20 UHR; [LOC] SCHILLINGBRÜCKE,0.0,0.0,0.0,0.5,0.0
0032.jpg,noisy,1,1,2,0,2,0,1,0,0,0,[EVENT] WORKSHOP,[TOPIC] EINFÜHRUNG DADAISMUS; [TOPIC] Von der Uhr zur Kunst; [DATE] 16.01.; [DATE] 18.01.2025; [TIME] 15 - 18:00 Uhr,1.0,0.0,0.0,0.0,0.0
0035.jpg,fancy,1,1,0,0,1,1,1,1,0,0,[EVENT] Starkbierfest; [DATE] 17.02.2024; [TIME] 20.00 Uhr,,1.0,0.0,1.0,1.0,0.0
0036.jpg,fancy,2,0,0,0,3,0,1,0,2,0,,[DATE] FREITAG; [TIME] 19:00; [EVENT] Party; [EVENT] 21. STOCK CAR RENNEN; [LOC] HARTHA RENNSTRECKE; [LOC] HEEGWEG; [DATE] LETZTES WE; [DATE] OKTOBER,0.0,0.0,0.0,0.0,0.0
0037.jpeg,fancy,1,0,3,0,1,0,1,0,1,0,,[TOPIC] FREE ALL ANTIFAS!; [TOPIC] FREIHEIT FÜR NANUK!; [TOPIC] KEINE AUSLIEFERUNG VON ANTIFAS NACH UNGARN!; [DATE] 18. MÄRZ; [TIME] 19 UHR ; [LOC] U-BHF TURMSTR; [EVENT] DEMO,0.0,0.0,0.0,0.0,0.0
0039.jpeg,fancy,1,1,2,0,1,0,1,0,2,0,[EVENT] DEMO,[TOPIC] FREE NANUK; [TOPIC] TAG DER POLITISCHEN GEFANGENEN; [LOC] BERLIN; [DATE] 18.03.25; [TIME] 19⁰⁰; [LOC] U-BHF. TURMSTR.,1.0,0.0,0.0,0.0,0.0
0040.jpeg,fancy,1,0,1,0,1,1,1,0,2,1,[DATE] 1. März 2025; [LOC] Soziokulturelles Stadtteilzentrum Leipzig,[EVENT] SOLI-FESTIVAL; [TIME] 12 - 0 Uhr; [TOPIC] UNSERE STIMMEN SOLL MAN HÖREN!; [LOC] Mühlstrasse 14,0.0,0.0,1.0,0.0,0.5
0041.jpg,fancy,1,1,1,0,2,1,1,1,2,2,[EVENT] Film; [DATE] 25. Nov.; [TIME] 19 Uhr; [LOC] Markgrafendamm 24c; [LOC] 10245 Berlin,[TOPIC] 50 JAHRE RUMBLE IN THE JUNGLE; [DATE] Mo.,1.0,0.0,0.5,1.0,1.0
0043.jpg,fancy,1,0,2,0,1,0,0,0,1,0,,[TOPIC] STABIL BLEIBEN UND MASSENHAFT WIDERSETZEN!; [DATE] 11. JANUAR 2025; [LOC] RIESA; [EVENT] KUNDGEBUNG; [TOPIC] GEGEN AFD-PARTEITAG!,0.0,0.0,0.0,0.0,0.0
0044.jpg,fancy,0,0,3,1,1,1,1,1,2,2,[TOPIC] NICHT OHNE UNS!; [LOC] DORTMUND; [DATE] Samstag; [TIME] 14:30 Uhr; [LOC] Willy-Brandt-Platz,[TOPIC] UNSERE DEMOKRATIE IST INFIZIERT!; [TOPIC] antikörper JETZT!,0.0,0.3333333333333333,1.0,1.0,1.0
0045.jpeg,fancy,1,1,5,0,1,1,1,0,4,4,[EVENT] GROSSDEMO; [LOC] KASSEL; [LOC] KARLSWIESE; [LOC] ORANGERIE; [LOC] KASSEL; [DATE] 20.03.2021,[TOPIC] Frühlingserwachen – Die Welt steht auf!; [TOPIC] WELTWEIT – ALLE ZUSAMMEN; [TOPIC] 1 TAG – 1 ZIEL; [TOPIC] WELTWEIT – ALLE ZUSAMMEN IN DER MITTE DEUTSCHLANDS; [TIME] 12:00 – 16:00 UHR; [TOPIC] Zusammenhalt statt Spaltung,1.0,0.0,1.0,0.0,1.0
0046.jpeg,fancy,3,0,0,0,1,0,1,0,2,1,[LOC] PROJEKTRAUM,[EVENT] Party; [DATE] 01. März 2025; [TIME] 20 UHR; [LOC] HERMANNSTRABE 48; [EVENT] KOSTÜMWETTBEWERB; [EVENT] PARTYSPIELE,0.0,0.0,0.0,0.0,0.5
0047.jpg,fancy,1,0,3,0,1,0,1,1,2,1,[LOC] BERLIN; [TIME] 18.30 UHR,[EVENT] JUBILÄUMSSHOW; [TOPIC] GOITZSCHE FRONT; [TOPIC] WILLKUER; [TOPIC] Berserker Berlin; [LOC] UBER EATS MUSIC HALL; [DATE] 28.09.2024,0.0,0.0,0.0,1.0,0.5
0049.jpg,fancy,1,0,1,0,2,1,3,2,3,1,[DATE] Di.; [TIME] 20:30 Uhr; [TIME] 22:30 Uhr; [LOC] Bürgerhaus Dreieich,[EVENT] Silvester; [TOPIC] Rock'n'Roll; [DATE] 31.12.2024; [TIME] 20 Uhr; [LOC] Fichtestr. 50; [LOC] 63303 Dreieich,0.0,0.0,0.5,0.6666666666666666,0.3333333333333333
0050.jpg,fancy,1,1,1,1,2,2,1,1,3,2,[EVENT] Versammlung; [TOPIC] Miteinander zur Freude; [DATE] Samstag; [DATE] 15. August; [TIME] 17:30; [LOC] Friedensengel; [LOC] Münchner Freiheit,[LOC] München,1.0,1.0,1.0,1.0,0.6666666666666666
0051.jpg,fancy,1,0,1,0,1,0,0,0,0,0,,[DATE] 29.12.2023; [EVENT] SOLIPARTY; [TOPIC] FÜR MENSCHEN MIT FLUCHTGESCHICHTE,0.0,0.0,0.0,0.0,0.0
0052.jpeg,fancy,0,0,2,0,1,1,2,2,1,0,[DATE] 01.03.2025; [TIME] 19 Uhr; [TIME] 20 Uhr,[TOPIC] Punk Against Gentrification; [TOPIC] Gemeinsam gegen das Clubsterben; [LOC] SOLTMANN,0.0,0.0,1.0,1.0,0.0
0054.jpg,fancy,1,0,0,0,1,1,0,0,1,0,[DATE] 5. + 6. Januar 2025,[LOC] FÜRSTENFELD; [EVENT] Zaubervarieté,0.0,0.0,1.0,0.0,0.0
0055.jpg,fancy,1,0,2,0,1,0,1,0,2,2,[LOC] Markgrafendamm 24c; [LOC] 10245 Berlin,[EVENT] Soliparty; [TOPIC] für Frauen auf der Flucht; [DATE] 7.3.2025; [TIME] 23–7 Uhr; [TOPIC] Fascists not welcome!,0.0,0.0,0.0,0.0,1.0
0057.jpg,fancy,1,1,0,0,2,1,0,0,4,0,[EVENT] ZAUBERGALA; [DATE] DI,[DATE] 13. & 15.5.2022; [LOC] VERANSTALTUNGSFORUM FÜRSTENFELD; [LOC] STADTSAAL; [LOC] FÜRSTENFELD 12; [LOC] 82256 FÜRSTENFELDBRUCK,1.0,0.0,0.5,0.0,0.0
0059.jpg,fancy,1,0,0,0,1,0,1,0,3,1,[LOC] KUFA,[EVENT] COMEDY; [DATE] 8. März; [TIME] 19 Uhr; [LOC] Moabit; [LOC] BERLIN,0.0,0.0,0.0,0.0,0.3333333333333333
0060.jpg,fancy,1,0,1,0,1,0,1,0,2,0,,[EVENT] POETRY SLAM; [DATE] 26. April 2024; [TIME] 20.12 Uhr; [TOPIC] DAS GROSSE FINALE; [LOC] Bramfeld; [LOC] BIM Kulturzentrum,0.0,0.0,0.0,0.0,0.0
0061.jpg,fancy,1,1,2,1,1,0,1,0,1,0,[EVENT] Parade; [TOPIC] Freedom,[TOPIC] Die Verleihung der roten Clownsnase; [DATE] 01.10.2020; [TIME] 10:00 Uhr; [LOC] Schloss Bellevue,1.0,0.5,0.0,0.0,0.0
0062.jpg,fancy,2,0,1,0,1,0,1,0,6,4,[LOC] Gymnasium Meiendorf; [LOC] Raum 804; [LOC] Kreuzbau; [LOC] Schierenberg 60,[LOC] B!M Kulturzentrum; [EVENT] LESECLUB; [TOPIC] HORIZONTE ERWEITERN WELTEN ERLESEN; [EVENT] LESECLUB; [DATE] Montags; [TIME] 14.00 – 15.30 Uhr; [LOC] GYMNASIUM MEIENDORF,0.0,0.0,0.0,0.0,0.6666666666666666
0063.jpg,fancy,1,1,4,1,1,1,1,0,1,1,[EVENT] DEMO; [TOPIC] STOPPT DIE GASLOBBY; [DATE] 28. März; [LOC] Stephansplatz,[TOPIC] soziale Klima- und Energiepolitik; [TOPIC] gegen die European Gas Conference; [TOPIC] POWER TO THE PEOPLE; [TIME] 17:30 Uhr,1.0,0.25,1.0,0.0,1.0
0064.jpg,fancy,1,0,0,0,2,0,1,0,1,1,[LOC] KIEZKLUB,[EVENT] KIEZFEST; [DATE] Samstag; [DATE] 1. Juli 2023; [TIME] 14 – 18 Uhr,0.0,0.0,0.0,0.0,1.0
0066.jpg,fancy,1,1,1,1,1,0,0,0,2,2,[LOC] Fürstenfeld; [EVENT] Festival; [TOPIC] Zauberkunst; [LOC] Veranstaltungsforum Fürstenfeld,[DATE] 11. – 15. Mai 2022,1.0,1.0,0.0,0.0,1.0
0067.jpeg,fancy,2,2,1,0,1,1,1,1,3,2,[EVENT] Ausstellung; [EVENT] Fundraising Veranstaltung; [DATE] 15.03.2025; [TIME] 16Uhr; [LOC] Weitlingstr. 97; [LOC] 10317,[TOPIC] HEART OF GAZA; [LOC] Café Wostok,1.0,0.0,1.0,1.0,0.6666666666666666
0071.jpg,fancy,2,1,1,1,1,0,1,0,2,0,[EVENT] Parade; [TOPIC] Freedom,[EVENT] Großdemo; [DATE] 29. August 2020; [TIME] 11:00 Uhr; [LOC] Brandenburger Tor; [LOC] Siegessäule,0.5,1.0,0.0,0.0,0.0
0072.jpg,fancy,3,1,2,0,2,0,3,2,4,2,[EVENT] DEMO; [TIME] 16:30; [TIME] 17:00; [LOC] Bahnhof Ried; [LOC] Bahnhofstraße 69,[EVENT] LICHTERMEER; [EVENT] Kundgebung; [TOPIC] ZUSAMMENHALTEN GEGEN RECHTS; [TOPIC] ZUM SCHUTZ UNSERER DEMOKRATIE; [DATE] MI.; [DATE] 14.2.2024; [TIME] 16:00; [LOC] RIED IM INNKREIS; [LOC] Marktplatz Ried,0.3333333333333333,0.0,0.0,0.6666666666666666,0.5
0073.jpeg,fancy,1,0,0,0,1,0,1,0,1,1,[LOC] Rigaer Straße 94,[EVENT] Umsonst- flohmarkt; [DATE] 02.03.; [TIME] 12⁰⁰ - 17⁰⁰,0.0,0.0,0.0,0.0,1.0
0074.jpg,fancy,1,0,1,0,1,1,1,0,2,2,[DATE] 16. November 2024; [LOC] NochMall; [LOC] Berlin-Reinickendorf,[EVENT] FESTIVAL; [TOPIC] ZERO WASTE FUTURE; [TIME] 13:00–18:00 Uhr,0.0,0.0,1.0,0.0,1.0
0075.jpg,fancy,2,0,0,0,2,0,1,0,1,0,,[EVENT] Kinderdisco; [EVENT] KINDERDISCO; [DATE] Friday; [DATE] 26 APRIL; [TIME] 14:00 - 19:30; [LOC] S-Bahn Ostkreuz,0.0,0.0,0.0,0.0,0.0
0078.png,fancy,0,0,0,0,2,2,1,0,1,1,[DATE] sat; [DATE] 6.5.2023; [LOC] ://about blank,[TIME] 2 pm,0.0,0.0,1.0,0.0,1.0
0080.jpg,fancy,1,0,4,0,1,0,1,0,2,1,[LOC] Dornbirn,"[EVENT] DEMO; [TOPIC] Für Demokratie und Menschenrechte; [TOPIC] gegen Gedankengut, das die Demokratie zersetzt; [TOPIC] für das Gemeinsame in der Zivilgesellschaft; [TOPIC] Solidarität und Mitmenschlichkeit; [DATE] 18. Februar 2024; [TIME] 17:30 Uhr; [LOC] Marktplatz",0.0,0.0,0.0,0.0,0.5
0081.jpg,fancy,1,0,0,0,2,1,1,0,3,0,[DATE] Fr,[EVENT] KINDERDISCO; [DATE] 21·04·23; [TIME] 14–19 Uhr; [LOC] markgrafendamm 24c; [LOC] 10245 berlin; [LOC] s-bhf ostkreuz,0.0,0.0,0.5,0.0,0.0
0082.jpg,fancy,1,0,1,0,2,0,1,1,3,0,[TIME] 14h,[EVENT] Demo; [TOPIC] Der Görli bleibt auf!; [DATE] Sa; [DATE] 24.2.; [LOC] Wrangelkiez; [LOC] Platz ohne Namen; [LOC] Falckensteinst. 1A,0.0,0.0,0.0,1.0,0.0
0086.jpg,fancy,1,0,1,0,2,0,1,0,2,0,,[EVENT] Kundgebung; [TOPIC] EINEN STATT SPALTEN; [DATE] 08.08.; [DATE] SAMSTAG; [TIME] 16-18 Uhr; [LOC] STIFTSPLATZ; [LOC] Kaiserslautern,0.0,0.0,0.0,0.0,0.0
0089.jpeg,fancy,2,2,1,0,1,1,1,1,3,0,[EVENT] KUNDGEBUNG; [EVENT] AUFZUG; [DATE] 15. JANUAR 2022; [TIME] 15:30 UHR,[TOPIC] Grundrechte gelten!; [LOC] FRIEDRICHSPLATZ; [LOC] KASSEL; [LOC] FRIDERICIANUM,1.0,0.0,1.0,1.0,0.0
0090.jpeg,fancy,1,1,1,0,1,0,1,0,2,1,[EVENT] WORLD FREEDOM DAY; [LOC] MAGDEBURG,[TOPIC] Die Welt steht auf; [DATE] 20.11.2021; [TIME] 12:00 - 16:00 UHR; [LOC] Fulda,1.0,0.0,0.0,0.0,0.5
0091.jpg,fancy,2,0,0,0,2,0,0,0,3,0,,[EVENT] Festival; [EVENT] 27. Bike & Rock Festival ; [DATE] 08. - 11. August 2024; [DATE] 2. August Wochenende; [LOC] Limberg; [LOC] Cottbus; [LOC] Vetschau,0.0,0.0,0.0,0.0,0.0
0093.jpg,photo,1,0,0,0,2,0,1,0,6,0,,[EVENT] SOMMERFEST; [DATE] Sa; [DATE] 3. Sept.; [TIME] 14–19 Uhr; [LOC] KIEZKLUB; [LOC] Rathaus; [LOC] Johannisthal; [LOC] Sterndamm 102; [LOC] 12487 BERLIN; [LOC] Innenhof,0.0,0.0,0.0,0.0,0.0
0094.jpg,photo,1,0,1,0,1,1,1,1,1,0,[DATE] 26.04.2020; [TIME] 12:00 - 19:00,[EVENT] Trauerfeier; [TOPIC] für unsere geliebte Demokratie; [LOC] Mariannenplatz,0.0,0.0,1.0,1.0,0.0
0095.jpg,photo,2,0,1,0,1,0,0,0,1,0,,"[EVENT] Releaseparty; [EVENT] LESEPERFORMANCES; [TOPIC] POPkultur, Feminismus, Change und so; [DATE] 12.8.; [LOC] ://aboutblank",0.0,0.0,0.0,0.0,0.0
0096.jpg,photo,0,0,2,0,1,1,0,0,2,0,[DATE] 25. April,[TOPIC] FEIER WAS DU LIEBST; [TOPIC] Für René; [LOC] Volksbühne; [LOC] Rosa-Luxemburg-Platz,0.0,0.0,1.0,0.0,0.0
0097.jpg,photo,1,1,2,0,1,1,1,1,1,1,[EVENT] Veranstaltung; [DATE] 13.12.2024; [TIME] 20 Uhr; [LOC] :// about blank,[TOPIC] UNTERM TECHNO LIEGT DER PUNK; [TOPIC] Welche Rolle spielen emanzipatorische Subkultur & Bewegung in Ostdeutschland?,1.0,0.0,1.0,1.0,1.0
0098.jpg,photo,1,1,1,0,2,1,1,1,0,0,[EVENT] benefizveranstaltung; [DATE] montag; [TIME] 18:00 uhr,[TOPIC] STAAT. NATION. KAPITAL. SCHEISSE.; [DATE] 2. oktober 2023,1.0,0.0,0.5,1.0,0.0
0099.jpg,photo,1,0,1,0,1,0,1,0,2,0,,[EVENT] PUNK Abend; [TOPIC] Vergessene Arbeitskämpfe; [DATE] 29.09.; [TIME] 21 Uhr; [LOC] Roter Salon; [LOC] VOLKSBÜHNE,0.0,0.0,0.0,0.0,0.0
0100.jpg,photo,1,0,0,0,1,0,1,0,1,0,,[EVENT] FAMILIEN-FLOHMARKT; [DATE] 25.05.24; [TIME] 10 - 14 Uhr; [LOC] Paul-Schneider-Grundschule,0.0,0.0,0.0,0.0,0.0
0101.jpg,photo,1,0,0,0,2,0,1,0,3,0,,[EVENT] Stolpersteinverlegung; [DATE] Freitag; [DATE] 28. Mai 2021; [TIME] 17 Uhr; [LOC] Alt-Hohenschönhausen; [LOC] Suermondtstraße 46; [LOC] 13053 Berlin,0.0,0.0,0.0,0.0,0.0
0103.jpg,photo,0,0,6,5,1,1,1,0,1,1,[TOPIC] RAUS AUS DER DOSE!; [TOPIC] Deine Meinung ist relevant!; [TOPIC] Kunst ist relevant!; [TOPIC] Zeigt Eure Künste!; [TOPIC] Erhebt Eure Stimme!; [DATE] 17.05.2020; [LOC] Mariannenplatz,[TOPIC] Der Rückzug ins Digitale ist keine Alternative!; [TIME] 14–18 Uhr,0.0,0.8333333333333334,1.0,0.0,1.0
0104.jpg,photo,1,0,0,0,1,0,1,0,4,2,[LOC] Johannisthal; [LOC] Sterndamm 102,[EVENT] WEIHNACHTSBAZAR; [DATE] 3. Dez.; [TIME] 14–19 Uhr; [LOC] Kiezklub; [LOC] Rathaus,0.0,0.0,0.0,0.0,0.5
0106.jpg,photo,1,1,2,0,2,1,1,0,3,1,[EVENT] Gegenprotest; [DATE] jeden Samstag; [LOC] Karl Liebknecht Haus,[TOPIC] KEINE QUERFRONT AUF DEM ROSA-LUXEMBURG-PLATZ!; [TOPIC] Kein Platz für Nazis!; [DATE] 1. Mai; [TIME] 15 Uhr; [LOC] Rosa-Luxemburg Platz 1; [LOC] 1312 Berlin,1.0,0.0,0.5,0.0,0.3333333333333333
0108.jpg,photo,2,0,0,0,1,1,0,0,2,1,[DATE] 30.06.18; [LOC] Rosa- Luxemburg- Platz,[EVENT] Konzert; [EVENT] Record Release Konzert; [LOC] VOLKSBÜHNE,0.0,0.0,1.0,0.0,0.5
0110.jpg,photo,0,0,1,0,1,0,1,0,1,1,[LOC] MARKGRAFENDAMM,[TOPIC] A100 WEGBASSEN!; [DATE] 2.9.; [TIME] 14°°–22°°,0.0,0.0,0.0,0.0,1.0
0111.jpg,photo,1,0,1,0,2,0,1,1,3,0,[TIME] 19 Uhr,[EVENT] Kinodokumentation; [TOPIC] 50 JAHRE RUMBLE IN THE JUNGLE; [DATE] Mo.; [DATE] 25. Nov.; [LOC] //:about blank; [LOC] Markgrafendamm 24c; [LOC] 10245 Berlin,0.0,0.0,0.0,1.0,0.0
0112.jpg,photo,3,3,1,0,2,2,2,1,1,0,[EVENT] RAVE; [EVENT] AUFSTAND; [EVENT] GLOBAL STRIKE; [DATE] FREITAG; [DATE] 20.09.19; [TIME] 12:00 UHR,[TOPIC] NO FUTURE NO DANCEFLOOR; [TIME] 15:00 UHR; [LOC] BERLIN MITTE,1.0,0.0,1.0,0.5,0.0
0113.jpg,photo,1,0,3,0,1,0,1,0,2,0,,[EVENT] DEMONSTRATION; [TOPIC] 79. JAHRESTAG DES SIEGES ÜBER NAZIDEUTSCHLAND; [TOPIC] NIE WIEDER FASCHISMUS!; [TOPIC] NIE WIEDER KRIEG!; [DATE] 9. MAI; [TIME] 17:30; [LOC] BERLIN; [LOC] S&U-BHF. FRIEDRICHSTR.,0.0,0.0,0.0,0.0,0.0
0114.jpg,photo,0,0,2,0,3,2,2,2,3,2,[DATE] SA.; [DATE] 15. JULI; [TIME] 14:30 UHR; [TIME] 16:00 UHR; [LOC] THEODOR-HEUSS-PLATZ; [LOC] OLYMPIASTADION,[TOPIC] VOR GERICHT STATT AUF DIE BÜHNE!; [TOPIC] STOMP THE PATRIARCHY; [DATE] 15.07.23; [LOC] BERLIN,0.0,0.0,0.6666666666666666,1.0,0.6666666666666666
0115.jpg,simple,1,1,1,1,1,1,1,1,1,0,[EVENT] soliparty; [TOPIC] gegen das klima der angst; [DATE] 16.11.2024; [TIME] 20 Uhr,[LOC] ://about blank,1.0,1.0,1.0,1.0,0.0
0116.jpg,simple,2,2,1,1,2,1,1,0,5,1,[EVENT] Meditation; [EVENT] Rede- & Musikbeiträge; [TOPIC] DEMOKRATIE neu denken!; [DATE] 08.08.20; [LOC] KARLSRUHE,[DATE] SAMSTAG; [TIME] 12:30–18 Uhr; [LOC] Günther-Klotz Anlage; [LOC] Karlsruhe; [LOC] Karlsruhe; [LOC] Karlsruhe,1.0,1.0,0.5,0.0,0.2
0117.jpg,simple,1,0,2,0,2,0,1,0,1,0,,[EVENT] Demo; [TOPIC] DIE MIETE IST ZU HOCH!; [TOPIC] gegen Verdrängung und #Mietenwahnsinn; [DATE] Samstag; [DATE] 01. Juni 2024; [TIME] 14:00 Uhr; [LOC] Potsdamer Platz,0.0,0.0,0.0,0.0,0.0
0118.jpeg,simple,1,0,1,1,1,0,1,0,3,0,[TOPIC] von Rassismus betroffenen & migrantischen Menschen zum gegenseitigen Kennenlernen,[EVENT] Willkommenscafé; [DATE] Jeden letzten Mittwoch; [TIME] 19–21 Uhr; [LOC] Rote Lilly; [LOC] Emser Str. 114; [LOC] Neukölln,0.0,1.0,0.0,0.0,0.0
0119.jpeg,simple,1,1,3,3,2,2,1,1,2,2,[EVENT] LAUFDEMONSTRATION; [TOPIC] FÜR PALÄSTINA; [TOPIC] HÄNDE WEG VON UNSEREM LAND!; [TOPIC] PALÄSTINA STEHT NICHT ZUM VERKAUF; [DATE] SAMSTAG; [DATE] 01.03.; [TIME] 13 UHR; [LOC] U-BAHN & S-BAHN ZOOLOGISCHER GARTEN; [LOC] BERLIN,,1.0,1.0,1.0,1.0,1.0
0120.jpg,simple,1,1,1,1,0,0,2,2,4,3,[EVENT] Wahlkampf-Veranstaltung; [TOPIC] DEUTSCHLAND ZUERST!; [TIME] 19 UHR; [TIME] 18 UHR; [LOC] STADTHALLE LEONBERG; [LOC] Römerstraße 110; [LOC] 71229 Leonberg,[LOC] Baden-Württemberg,1.0,1.0,0.0,1.0,0.75
0121.jpg,simple,1,0,0,0,1,0,0,0,2,1,[LOC] Auguste-Viktoria-Allee 99,[EVENT] Foto mit dem Nikolaus; [DATE] 05.12.2024; [LOC] 13403 Berlin,0.0,0.0,0.0,0.0,0.5
0122.jpg,simple,2,0,0,0,2,2,1,0,3,1,[DATE] 25. APRIL; [DATE] 2023; [LOC] 1010 Wien,"[EVENT] OMAS ON STAGE; [EVENT] PERFORMANCES, LIEDER, GEDICHTE...; [TIME] 20.00 UHR; [LOC] CAFÉ KORB; [LOC] Brandstätte 9",0.0,0.0,1.0,0.0,0.3333333333333333
0123.jpg,simple,1,1,1,1,2,2,1,1,2,2,[EVENT] SOLIDARITÄTSDEMO; [TOPIC] FÜR DIE UKRAINE; [DATE] Samstag; [DATE] 5. März 2022; [TIME] 15 bis 17 Uhr; [LOC] Platz der Menschenrechte; [LOC] Wien,,1.0,1.0,1.0,1.0,1.0
0124.jpg,simple,1,1,2,2,1,1,1,1,2,2,[EVENT] KUNDGEBUNG; [TOPIC] SAVE BRAIN CITY; [TOPIC] Wissenschaft sichert die Zukunft Berlins; [DATE] 19.12.2024; [TIME] 8:30 Uhr; [LOC] Abgeordnetenhaus; [LOC] Berlin,,1.0,1.0,1.0,1.0,1.0
0127.jpeg,simple,3,2,1,0,2,2,1,1,2,2,[EVENT] Diskussion; [EVENT] Essen; [DATE] Dienstag; [DATE] 4. März; [TIME] 19:00 Uhr; [LOC] Maggie; [LOC] Frankfurter Allee 205,[EVENT] Solidarischer Stammtisch; [TOPIC] Unser Verständnis vom Patriarchat und unser Umgang damit,0.6666666666666666,0.0,1.0,1.0,1.0
0128.jpg,simple,1,1,1,0,1,0,0,0,2,0,[EVENT] Festival,[TOPIC] für Klima und Gesundheit; [DATE] 25.09. — 27.09.2024; [LOC] Kulturquartier silent green; [LOC] Berlin,1.0,0.0,0.0,0.0,0.0
0129.jpg,simple,1,1,1,1,1,1,1,1,4,3,[EVENT] DEMO; [TOPIC] GEGEN DIE KÜRZUNGEN IM KULTURBEREICH!; [DATE] 13.11.; [TIME] 10:00; [LOC] VOLKS BÜHNE; [LOC] Brandenburger Tor; [LOC] Platz des 18. März,[LOC] ROSA-LUXEMBURG-PLATZ,1.0,1.0,1.0,1.0,0.75
0130.jpg,simple,1,0,0,0,1,1,1,0,1,1,[DATE] 19. Oktober 2024; [LOC] NochMall,[EVENT] Reparaturtag; [TIME] 14–18 Uhr,0.0,0.0,1.0,0.0,1.0
0131.jpeg,simple,1,0,2,0,2,2,1,1,2,1,[DATE] MI; [DATE] 05.03.2025; [TIME] 12:00 UHR; [LOC] 10789 BERLIN,[EVENT] KUNDGEBUNG; [TOPIC] STOP ARMING ISRAEL; [TOPIC] KEINE WAFFEN FÜR ISRAEL; [LOC] ECKE TAUENTZIENSTR./ MARBURGER STR.,0.0,0.0,1.0,1.0,0.5
0132.jpg,simple,0,0,1,1,1,1,1,1,1,1,[TOPIC] DIE CDU IST KEIN GRUND ZUM FEIERN; [DATE] 23. FEBRUAR; [TIME] 18 UHR; [LOC] KONRAD ADENAUER HAUS,,0.0,1.0,1.0,1.0,1.0
0133.jpg,simple,1,1,1,0,2,2,1,1,2,0,[EVENT] KUNDGEBUNG; [DATE] SAMSTAG; [DATE] 05.09.2020; [TIME] 14:30,[TOPIC] FÜR AUFKLÄRUNG; [LOC] MARBURG; [LOC] ERWIN-PISCATOR-HAUS,1.0,0.0,1.0,1.0,0.0
0134.jpg,simple,1,1,1,1,2,2,1,1,3,3,[EVENT] Antifaschistische Kundgebung; [TOPIC] GEGEN DIE INSTRUMENTALISIERUNG DES ERINNERNS; [DATE] Montag; [DATE] 27.05.24; [TIME] 18 Uhr; [LOC] Mahnmal; [LOC] Levetzowstraße; [LOC] Berlin-Moabit,,1.0,1.0,1.0,1.0,1.0
0135.jpg,simple,1,1,1,0,2,1,1,1,1,0,[EVENT] Demo; [DATE] 8. März; [TIME] 13:00 Uhr,[TOPIC] Für Feminismus ohne Grenzen!; [DATE] 8. März 2025; [LOC] S+U Schönhauser Allee ,1.0,0.0,0.5,1.0,0.0
0136.jpg,simple,1,1,2,0,1,0,1,1,3,3,[EVENT] Kundgebung; [TIME] 18:15 UHR; [LOC] Grünen Lampe; [LOC] Uhlandstraße 51; [LOC] Berlin,[TOPIC] GEGEN JEDE NAZI PROPAGANDA!; [TOPIC] MARTIN SELLNER VON DER STRASSE FEGEN!; [DATE] 27.02.,1.0,0.0,0.0,1.0,1.0
0137.jpg,simple,1,0,1,0,4,4,2,2,4,4,[DATE] Samstag; [DATE] 9. Juli 2022; [DATE] Sonntag; [DATE] 10. Juli 2022; [TIME] 18.30; [TIME] 18.30; [LOC] Mortarapark; [LOC] 1200 Wien; [LOC] Muthsamgasse; [LOC] 1140 Wien,[EVENT] Omas-on-Stage; [TOPIC] Politischer Aktivismus mit Kunst,0.0,0.0,1.0,1.0,1.0
0139.jpg,simple,1,1,1,1,1,1,1,1,1,1,[EVENT] KUNDGEBUNG; [TOPIC] GEGEN DIE ERÖFFNUNGSFEIER DER KOTTI-WACHE; [DATE] 15.02.; [TIME] 9:00; [LOC] KOTTBUSSER TOR,,1.0,1.0,1.0,1.0,1.0
0140.jpg,simple,1,1,1,0,2,2,1,0,2,2,[EVENT] WORKSHOP; [DATE] Samstag; [DATE] 03.02.2024; [LOC] HTW; [LOC] Schöneweide,[TOPIC] Motion-Capture; [TIME] 11–13.30 Uhr,1.0,0.0,1.0,0.0,1.0
0142.jpeg,simple,3,3,2,1,1,1,2,2,3,3,[EVENT] Demonstration; [EVENT] Demo; [EVENT] Kundgebung; [TOPIC] Solidarität mit den Betroffenen; [DATE] 14.03.2025; [TIME] 17:30; [TIME] 19:00; [LOC] S Teltow Stadt; [LOC] Iserstraße; [LOC] Elbestraße,[TOPIC] NAZIANGRIFFE NICHT UNBEANTWORTET LASSEN,1.0,0.5,1.0,1.0,1.0
0143.jpg,simple,0,0,1,0,2,1,1,0,1,0,[DATE] So,[TOPIC] Ostkreuz nicht den Nazis überlassen!; [DATE] 14.07.; [TIME] 14:00 Uhr; [LOC] Ostkreuz,0.0,0.0,0.5,0.0,0.0
0145.jpg,simple,2,0,1,0,1,0,1,0,1,1,[LOC] MENSCH MEIER,[EVENT] SOLI-RAVE; [EVENT] PANEL DISCUSSION; [TOPIC] A100 WEGBASSEN!; [DATE] 06.10.2023; [TIME] 20:00 - 10:00,0.0,0.0,0.0,0.0,1.0
0146.jpg,simple,1,1,2,1,1,1,1,0,3,3,[EVENT] THEMENTAG; [TOPIC] Reflexionen ein Jahr nach dem 7. Okt.; [DATE] 15.12.24; [LOC] ://about blank; [LOC] Markgrafendamm 24c; [LOC] Ostkreuz,[TOPIC] Antisemitismus im Kultur– und Clubbetrieb; [TIME] 11:30– 19:30 Uhr,1.0,0.5,1.0,0.0,1.0
0147.jpeg,simple,1,0,1,0,1,1,1,1,2,1,[DATE] 01.03.; [TIME] 18:00 Uhr; [LOC] Kottbusser Straße 4/5,"[EVENT] Input + Diskussion; [TOPIC] Rassismus, Abschiebung und Gewalt; [LOC] Komşukeller",0.0,0.0,1.0,1.0,0.5
0148.jpg,simple,1,1,2,2,1,1,1,1,1,1,[EVENT] BUCHPREMIERE; [TOPIC] JUDENHASS UNDERGROUND; [TOPIC] Antisemitismus in emanzipatorischen Subkulturen und Bewegungen; [DATE] 1. September 2023; [TIME] 19 Uhr; [LOC] ://about blank,,1.0,1.0,1.0,1.0,1.0
0149.jpg,simple,1,1,1,0,2,0,2,0,2,0,[EVENT] Demonstration,[TOPIC] für FREIHEIT GRUNDRECHTE SELBSTBESTIMMUNG ZUR FREIHEIT; [DATE] SAMSTAG; [DATE] 11.7.2020; [TIME] 10.00 bis 12.00 UHR; [TIME] 10 - 12 Uhr; [LOC] KÖNIGSPLATZ; [LOC] MÜNCHEN,1.0,0.0,0.0,0.0,0.0
0151.jpg,simple,1,0,1,0,1,0,1,0,1,0,,[EVENT] TANZ DEMO; [TOPIC] WEM GEHÖRT DIE STADT?; [DATE] 08·06·24; [TIME] 15 Uhr; [LOC] Frankfurter Tor,0.0,0.0,0.0,0.0,0.0
0152.jpg,simple,1,0,1,0,2,0,1,1,2,0,[TIME] 14 Uhr,[EVENT] Laufdemo; [TOPIC] Klimaschutz statt Autobahn!; [DATE] Sonntag; [DATE] 21. April; [LOC] A100; [LOC] Auffahrt Tempelhofer Damm,0.0,0.0,0.0,1.0,0.0
0153.jpg,simple,2,2,2,2,1,1,1,1,3,3,[EVENT] GEDENKEN; [EVENT] GEDENKEN; [TOPIC] NIE WIEDER IST JETZT!; [TOPIC] NIE WIEDER IST JETZT!; [DATE] 12.03.2025; [TIME] 18:30; [LOC] MAHNMAL GEGEN KRIEG & FASCHISMUS; [LOC] Albertinaplatz; [LOC] MAHNMAL GEGEN KRIEG & FASCHISMUS,,1.0,1.0,1.0,1.0,1.0
0154.jpeg,simple,1,0,0,0,2,0,1,0,3,2,[LOC] TONELLIS; [LOC] 04109 LEIPZIG,[EVENT] LIVEKONZERT; [DATE] DIENSTAG; [DATE] 21.01.25; [TIME] 20:00; [LOC] NEUMARKT 9,0.0,0.0,0.0,0.0,0.6666666666666666
0155.jpg,simple,1,0,0,0,1,0,1,0,2,0,,[EVENT] SOLI PARTY; [DATE] 16/02; [TIME] 8PM; [LOC] ERREICHBAR; [LOC] REICHENBERGER STR 63A,0.0,0.0,0.0,0.0,0.0
0156.jpeg,simple,1,0,0,0,1,0,1,0,2,0,,[EVENT] SOLI FLOHMARKT; [DATE] 1. MÄRZ; [TIME] 10–18 UHR; [LOC] Zielona Gora; [LOC] Grünbergerstr. 73,0.0,0.0,0.0,0.0,0.0
0157.jpg,simple,0,0,2,1,1,1,1,1,2,1,[TOPIC] Stoppt die Finanzierung des russischen Staatsterrors; [DATE] 17. DECEMBER; [TIME] 15:00; [LOC] RUSSISCHEN BOTSCHAFT,[TOPIC] SIEG DER UKRAINE – FRIEDEN FÜR EUROPA; [LOC] UNTER DEN LINDEN 63–65,0.0,0.5,1.0,1.0,0.5
0158.jpg,simple,1,1,1,0,1,1,1,1,1,1,[EVENT] Kundgebung; [DATE] 9.10.2024; [TIME] 17:30 Uhr; [LOC] Oranienplatz,[TOPIC] zum 5. Jahrestag des rechtsterroristischen Anschlags von Halle,1.0,0.0,1.0,1.0,1.0
0160.jpg,simple,1,0,2,0,1,1,1,1,1,1,[DATE] HEUTE; [TIME] 22:00 UHR; [LOC] ARD & ZDF,[EVENT] BUNDESTAGSWAHL - SCHLUSSRUNDE; [TOPIC] ZEIT FÜR DEUTSCHLAND; [TOPIC] ALICE WEIDEL,0.0,0.0,1.0,1.0,1.0
0161.jpg,simple,0,0,3,3,1,0,1,0,1,0,[TOPIC] Unsere Stimme für die Ukraine; [TOPIC] für Demokratie; [TOPIC] für Freiheit,[DATE] 22.02.25; [TIME] 16 : 00; [LOC] Brandenburger Tor,0.0,1.0,0.0,0.0,0.0
0162.jpeg,simple,2,1,1,1,1,0,1,1,3,3,[EVENT] Plenum; [TOPIC] Input zum feministischen Kampftag; [TIME] 19 Uhr; [LOC] Bandito Rosso; [LOC] Lottumstr. 10a; [LOC] Prenzlauer Berg,[EVENT] Offenes Antifa Treffen; [DATE] 5. März 2025,0.5,1.0,0.0,1.0,1.0
0163.jpg,simple,0,0,2,0,1,0,1,0,2,0,,[TOPIC] STOPPT das Infektionsschutzgesetz; [TOPIC] Unsere Zivilisation - Unsere Regeln!; [DATE] 18.11.2020; [TIME] 11:00 Uhr; [LOC] Berlin; [LOC] Bundestag,0.0,0.0,0.0,0.0,0.0
0164.jpg,simple,1,0,1,1,1,1,3,3,3,3,[TOPIC] Demokratie verteidigen; [DATE] 03.02; [TIME] 15:00; [TIME] 16:30; [TIME] 18:00; [LOC] Graz; [LOC] Hauptbahnhof; [LOC] Hauptplatz,[EVENT] Demonstration,0.0,1.0,1.0,1.0,1.0
0165.jpg,simple,1,0,0,0,2,1,1,0,5,5,[DATE] 2024; [LOC] Strausberg; [LOC] Kulturpark; [LOC] Wriezener Str.; [LOC] 15344 Strausberg; [LOC] Am Strand ,[EVENT] 2000er PARTY; [DATE] 08.06.2024; [TIME] 12–23 Uhr,0.0,0.0,0.5,0.0,1.0
0166.jpg,simple,1,1,1,1,1,1,1,1,4,2,[EVENT] WORKSHOP; [TOPIC] HOW TO KULTURFÖRDERUNG WITH KAROLINE LUCKS; [DATE] 12.03.25; [TIME] 16-19; [LOC] Brückenstraße 1; [LOC] 10179 Berlin,[LOC] Clubcommission Office; [LOC] CLUBCOMMISSION CLUB,1.0,1.0,1.0,1.0,0.5
0167.jpg,simple,1,1,0,0,2,2,1,0,3,3,[EVENT] Kinderfest; [DATE] Samstag; [DATE] 08.07.2023; [LOC] Seniorenzentrum Nordlandweg; [LOC] Nordlandweg 110; [LOC] 22145 Hamburg,[TIME] 14.00 – 17.00,1.0,0.0,1.0,0.0,1.0
0169.jpeg,simple,1,1,2,1,1,0,1,1,0,0,[EVENT] KURZFILMABEND; [TOPIC] ARTE Reportage; [TIME] 17:00,[TOPIC] Mexiko: Im schwarzen Block der Feministinnen; [DATE] 2. MÄRZ,1.0,0.5,0.0,1.0,0.0
0170.jpeg,simple,1,0,1,0,1,0,1,1,3,1,[TIME] 19.30 Uhr; [LOC] 13347 Berlin-Wedding,[EVENT] Plakate malen; [TOPIC] für den feministischen Kampftag!; [DATE] 04. März 2025; [LOC] Café Cralle; [LOC] Hochstädter Str. 10a,0.0,0.0,0.0,1.0,0.3333333333333333
0171.jpg,simple,1,1,4,0,2,1,1,1,1,1,[EVENT] Spaziergang; [DATE] Montag; [TIME] 19:00 - 19:30 Uhr; [LOC] Marktplatz,[TOPIC] Masken-frei; [TOPIC] Abstands-frei; [TOPIC] Quarantäne-frei; [TOPIC] freie Impfentscheidung; [DATE] 2.11.,1.0,0.0,0.5,1.0,1.0
0172.jpg,simple,1,0,1,0,2,2,1,1,2,2,[DATE] 2016; [DATE] 16. September; [TIME] 17 Uhr; [LOC] Hanau; [LOC] Marktplatz,[EVENT] Stadtlauf; [TOPIC] GEMEINSAM GEGEN GEWALT AN FRAUEN,0.0,0.0,1.0,1.0,1.0
0173.jpg,simple,1,1,1,1,1,1,1,0,1,1,[EVENT] DEMONSTRATION; [TOPIC] FÜR DIE AUFNAHME DER MENSCHEN AN DER POLNISCH BELARUSSISCHEN GRENZE!; [DATE] 14. NOVEMBER; [LOC] BRANDENBURGER TOR,[TIME] 14 UHR,1.0,1.0,1.0,0.0,1.0
0176.jpg,simple,1,0,0,0,2,2,1,0,3,3,[DATE] Samstag; [DATE] 30.11.2024; [LOC] Bibliothek “Alte Feuerwache”; [LOC] Michael-Brückner-Str. 9; [LOC] Schöneweide,[EVENT] CODING in der Feuerwache; [TIME] 11–13 Uhr,0.0,0.0,1.0,0.0,1.0
0177.jpg,skewed,2,1,2,1,2,0,1,0,3,0,[EVENT] DEMO; [TOPIC] SOMMERFEST DER AFD VERMIESEN,[EVENT] Demo; [TOPIC] gegen das Sommerfest der AfD; [DATE] SAMSTAG; [DATE] 07.09.; [TIME] 14:00 Uhr; [LOC] Templin; [LOC] Am Markt 11; [LOC] 17268 Templin,0.5,0.5,0.0,0.0,0.0
0178.jpg,skewed,1,0,0,0,4,1,0,0,2,0,[DATE] 16.07.24,[EVENT] tanzfestival; [DATE] juni/juli; [DATE] 2024; [DATE] DI; [LOC] Stadtsaal; [LOC] Fürstenfeldbruck,0.0,0.0,0.25,0.0,0.0
0179.jpg,skewed,1,0,2,0,1,1,0,0,0,0,[DATE] 23.5. bis 8.6.24,[EVENT] DEMOS; [TOPIC] Rechts- extremismus stoppen In Europa & vor Ort; [TOPIC] Demokratie verteidigen,0.0,0.0,1.0,0.0,0.0
0180.jpg,skewed,1,0,1,0,2,1,1,0,2,0,[DATE] Do,[EVENT] Vortrag & Diskussion; [TOPIC] ZUR VERSCHRÄNKUNG VON (QUEER-)FEMINISMUS UND ANTISEMITISMUS; [DATE] 19.12.; [TIME] 19:00 Uhr; [LOC] about blank; [LOC] Markgrafendamm 24c,0.0,0.0,0.5,0.0,0.0
0181.jpg,skewed,2,0,0,0,1,0,0,0,1,1,[LOC] RAHLSTEDT,[EVENT] 28. Rahlstedter KULTUR WOCHEN; [EVENT] RAHLSTEDTER KULTURWOCHEN; [DATE] 31. AUGUST – 18. OKTOBER 2024,0.0,0.0,0.0,0.0,1.0
0182.jpg,skewed,2,0,1,0,2,1,0,0,2,0,[DATE] 27. AUGUST 2022,[EVENT] LICHTENHAGEN-DEMO; [EVENT] DEMO; [TOPIC] DEUTSCHE ZUSTÄNDE AUFMISCHEN 30 JAHRE NACH DEN POGROMEN ; [DATE] 27.08.2022; [LOC] Rostock-Lichtenhagen; [LOC] ROSTOCK,0.0,0.0,0.5,0.0,0.0
0183.jpg,skewed,1,0,1,0,2,0,1,0,2,0,,[EVENT] KUNDGEBUNG; [TOPIC] TUNTENHAUS BLEIBT; [DATE] SUN; [DATE] 14TH APRIL; [TIME] NOON TO 8 PM; [LOC] KASTANIENALLEE 86; [LOC] BERLIN,0.0,0.0,0.0,0.0,0.0
0185.jpg,skewed,1,0,0,0,1,0,1,0,1,0,,[EVENT] TÖPFER & KUNST HAND WERKER MARKT; [DATE] 10.+11.08.24; [TIME] 10–18 Uhr; [LOC] Fürstenfeldbruck,0.0,0.0,0.0,0.0,0.0
0186.jpg,skewed,2,0,0,0,2,2,2,2,3,2,[DATE] Freitag; [DATE] 11. Oktober 2024; [TIME] 18 Uhr; [TIME] 19 Uhr; [LOC] ://about blank; [LOC] 10245 Berlin,[EVENT] RELEASE; [EVENT] FRENCH CONNECTION PARTY; [LOC] Markgrafendamm 24c,0.0,0.0,1.0,1.0,0.6666666666666666
0187.jpg,skewed,1,0,2,1,2,0,1,0,1,0,[TOPIC] Stadtraum für alle,[EVENT] Autobahn-Abrissparty; [TOPIC] Rückbau statt Neubau; [DATE] Sonntag; [DATE] 2.6.24; [TIME] 16 - 20 Uhr; [LOC] Breitenbachplatz,0.0,0.5,0.0,0.0,0.0
0190.jpg,skewed,1,0,0,0,1,1,1,0,2,2,[DATE] 20.11.2022; [LOC] ZUKUNFT AM OSTKREUZ; [LOC] 10245 BERLIN,[EVENT] WORKSHOP; [TIME] 14–19 UHR,0.0,0.0,1.0,0.0,1.0
0191.jpg,skewed,0,0,3,0,1,0,1,1,1,0,[TIME] 18:00 Uhr,[TOPIC] STURZ dem IMPERIALISMUS; [TOPIC] Nein zur Zeitenwende; [TOPIC] Stoppt den Krieg in Kurdistan!; [DATE] 27.02; [LOC] Oranienplatz,0.0,0.0,0.0,1.0,0.0
0193.jpg,skewed,1,0,0,0,2,0,1,0,1,0,,[EVENT] NEUJAHRS PARTY; [DATE] MI; [DATE] 01.01.; [TIME] 21:00 UHR; [LOC] FESTSAAL KREUZBERG,0.0,0.0,0.0,0.0,0.0
0194.jpg,skewed,2,0,1,0,2,1,2,0,1,1,[DATE] 17.05.2025; [LOC] S TREPTOWER PARK,[EVENT] Protestfest; [EVENT] Protestrave; [TOPIC] A100 WEGBASSEN!; [DATE] SA; [TIME] 14–17 UHR; [TIME] 17–22 UHR,0.0,0.0,0.5,0.0,1.0
0195.jpg,skewed,1,0,2,0,1,0,1,1,1,0,[TIME] 16:30 Uhr,[EVENT] BERLIN ACTION; [TOPIC] DAS MONOPOL ZERSCHLAGEN!; [TOPIC] TOWER TO THE PEOPLE!; [DATE] 26.10; [LOC] Schleidenplatz,0.0,0.0,0.0,1.0,0.0
0196.jpg,noisy,2,2,1,1,1,0,2,2,4,3,[EVENT] Gegenprotest; [EVENT] Zwischenkundgebung; [TOPIC] NAZI-AUFMARSCH VERHINDERN!; [TIME] 12:15; [TIME] 13:00; [LOC] S Friedrichstraße; [LOC] Bebelplatz; [LOC] Neptunbrunnen,[DATE] 26.4; [LOC] BERLIN,1.0,1.0,0.0,1.0,0.75
0197.jpg,skewed,3,3,1,0,1,1,3,2,3,1,[EVENT] DEMO; [EVENT] DEMO; [EVENT] KUNDGEBUNG; [DATE] 22.2.25; [TIME] 12:30; [TIME] 13:00; [LOC] S HOHENSCHÖNHAUSEN,[TOPIC] DER AfD WIDER- SETZEN; [TIME] 12:00; [LOC] S LICHTENBERG; [LOC] PREROWER PLATZ,1.0,0.0,1.0,0.6666666666666666,0.3333333333333333
0198.jpg,fancy,1,0,2,0,2,0,1,0,1,0,,[EVENT] WAHLTAGPROTEST; [TOPIC] AFD-WAHLPARTY STÖREN!; [TOPIC] FIGHT AfD!; [DATE] SONNTAG; [DATE] 23.2.; [TIME] 15.30 UHR; [LOC] Gesundbrunnen Center,0.0,0.0,0.0,0.0,0.0
0199.jpg,skewed,0,0,2,0,2,2,1,0,1,0,[DATE] SAMSTAG; [DATE] 22.02.25,[TOPIC] RECHTEN MARSCH DURCH MITTE STOPPEN!; [TOPIC] FÜR EINE VIELFÄLTIGE UND SOLIDARISCHE GESELLSCHAFT!; [TIME] 11:30 UHR; [LOC] SCHIFFBAUERDAMM 1,0.0,0.0,1.0,0.0,0.0
0200.jpg,skewed,0,0,3,1,1,0,1,1,2,0,[TOPIC] DER AFD KEINE PLATTE LASSEN!; [TIME] 13:00 UHR,[TOPIC] NEIN ZUR AFD!; [TOPIC] GEGEN DIE AFD ABSCHLUSSKUNDGEBUNG UND IHRE POLITIK!; [DATE] 22.02.2025; [LOC] PREROWER PLATZ; [LOC] NEU – HOHENSCHÖNHAUSEN,0.0,0.3333333333333333,0.0,1.0,0.0
0201.jpg,fancy,2,1,1,0,6,4,1,0,2,2,[EVENT] Protestwelle; [DATE] 27.01; [DATE] 9.02; [DATE] 20.02; [DATE] 22.02; [LOC] Willy-Brandt-Haus; [LOC] CDU Bundesgeschäftsstelle,[EVENT] Protestzug; [TOPIC] Gegen die Normalisierung von Transfeindlichkeit und Faschismus!; [DATE] So; [DATE] 09.02.; [TIME] 15.00 Uhr,0.5,0.0,0.6666666666666666,0.0,1.0
0202.jpg,skewed,1,1,4,0,1,0,1,0,2,0,[EVENT] Gegenprotest,"[TOPIC] Gegen Faschismus, Queer- und Frauen- Feindlichkeit!; [TOPIC] für ein buntes statt braunes Berlin!; [TOPIC] Klima statt Hetze; [TOPIC] Nazi Aufmarsch verhindern; [DATE] 14.12.; [TIME] 12.30 Uhr; [LOC] Friedrichshain; [LOC] Markgrafendamm 24c & 25",1.0,0.0,0.0,0.0,0.0
0203.jpg,fancy,0,0,1,0,1,0,1,0,2,0,,[TOPIC] SUBKULTUR GEGEN AMAZON; [DATE] 29.11; [TIME] 17:30h; [LOC] Dogshit Skatepark; [LOC] S+U Bfh Warschauerstr.,0.0,0.0,0.0,0.0,0.0
0204.jpg,skewed,2,0,2,0,1,0,1,1,7,0,[TIME] 14.00 Uhr,[EVENT] Zwischenkundgebung; [EVENT] Abschlusskundgebung; [TOPIC] kämpfen statt sterben!; [TOPIC] klima statt Hetze; [DATE] 16.11.; [LOC] Friedrichshain; [LOC] Forckenbeckplatz; [LOC] Berlin; [LOC] Forckenbeckplatz; [LOC] Rigaer; [LOC] Frankfurter Tor; [LOC] Mariannenplatz,0.0,0.0,0.0,1.0,0.0
0205.jpg,simple,2,0,3,1,1,1,4,0,6,2,[TOPIC] ZEIT ZU HANDELN Die AfD-Party zur Landtagswahl versauen!; [DATE] 22.09.2024; [LOC] Potsdam; [LOC] Potsdam,[EVENT] Kundgebung; [EVENT] Demo; [TOPIC] Solidarisch gegen den Rechtsruck; [TOPIC] gegen die AfD-Wahlparty; [TIME] 14:20 Uhr; [TIME] 16 Uhr; [TIME] 15:36 Uhr; [TIME] 13:21 Uhr; [LOC] Potsdam Hbf.; [LOC] Bhf. Potsdam-Marquard; [LOC] Berlin; [LOC] Ostkreuz,0.0,0.3333333333333333,1.0,0.0,0.3333333333333333
0206.jpg,skewed,1,0,1,0,0,0,1,0,3,2,[LOC] Alt-Blankenburg 12; [LOC] S-Bhf. Blankenburg,[EVENT] Gegenprotest; [TOPIC] ZEIT ZU HANDELN - GEGEN DIE AFD-WAHLPARTY IN BERLIN!; [TIME] 17 UHR; [LOC] Berlin,0.0,0.0,0.0,0.0,0.6666666666666666
0207.jpg,skewed,1,0,2,0,1,0,1,0,1,0,,[EVENT] Gegenkundgebung; [TOPIC] Frankfurt bleibt bunt!; [TOPIC] Schöner ohne AfD!; [DATE] 16. August; [TIME] 15:30 Uhr; [LOC] Marktplatz,0.0,0.0,0.0,0.0,0.0
0208.jpg,simple,1,1,1,1,2,2,2,2,2,2,[EVENT] Demo; [TOPIC] gegen das Compact Magazin; [DATE] Sa; [DATE] 13.7.24; [TIME] 15:00 Uhr; [TIME] 14:05; [LOC] Falkensee Bahnhof; [LOC] Ostkreuz,,1.0,1.0,1.0,1.0,1.0
0209.jpg,skewed,2,2,1,0,3,2,2,2,1,1,[EVENT] Rave-Demo; [EVENT] Demonstrationen; [DATE] Freitag; [DATE] Samstag; [TIME] 19 Uhr; [TIME] 6 Uhr; [LOC] Essen,[TOPIC] AfD Parteitag verhindern; [DATE] 28. – 30. Juni 2024,1.0,0.0,0.6666666666666666,1.0,1.0
0210.jpg,fancy,2,0,1,0,1,0,1,0,2,0,,[EVENT] DEMO; [EVENT] AFTERPARTY; [TOPIC] SUBCULTURE AGAINST PATRIARCHY!; [DATE] 08.03.2024; [TIME] 14:00–20:00; [LOC] STRALAUER PLATZ; [LOC] OSTBAHNHOF,0.0,0.0,0.0,0.0,0.0
0211.jpg,fancy,0,0,1,0,1,0,2,0,2,0,,[TOPIC] ZUSAMMEN GEGEN RECHTS; [DATE] Sonntag; [TIME] 16 Uhr; [TIME] 16:00; [LOC] BUNDESTAG; [LOC] BUNDESTAG,0.0,0.0,0.0,0.0,0.0
0212.jpg,fancy,1,1,2,1,1,1,1,1,2,2,[EVENT] Demo; [TOPIC] Internationaler Tag zur Beseitigung patriarchaler Gewalt; [DATE] 25. November 2023; [TIME] 16:30 Uhr; [LOC] Boxhagener Platz; [LOC] Berlin,[TOPIC] FRAUEN- SCHLÄGER AUS DER STADT JAGEN!,1.0,0.5,1.0,1.0,1.0
0213.jpg,simple,1,1,2,1,1,1,1,0,2,2,[EVENT] DEMONSTRATION; [TOPIC] Ganser raus aus der Stadthalle!; [DATE] 22.10.23; [LOC] FALKENSEE; [LOC] BAHNHOF FKS,[TOPIC] KEINE PROFITE MIT VERSCHWÖRUNGS- IDEOLOGIEN; [TIME] 17:30 UHR,1.0,0.5,1.0,0.0,1.0
0214.jpg,fancy,0,0,3,0,2,2,2,2,3,2,[DATE] SA; [DATE] 15. JULI; [TIME] 14:30 UHR; [TIME] 16:00 UHR; [LOC] THEODOR-HEUSS-PLATZ; [LOC] OLYMPIASTADION,[TOPIC] KEIN RAMMSTEIN; [TOPIC] VOR GERICHT STATT AUF DIE BÜHNE!; [TOPIC] STOMP THE PATRIARCHY; [LOC] BERLIN,0.0,0.0,1.0,1.0,0.6666666666666666
0215.jpg,skewed,2,2,1,0,2,0,1,0,1,1,[EVENT] PICKNICK; [EVENT] PARTY; [LOC] MAUERPARK,[TOPIC] GEGEN QUERDENKEN; [DATE] SAMSTAG; [DATE] 3.6.; [TIME] 16.30 UHR,1.0,0.0,0.0,0.0,1.0
0216.jpg,skewed,0,0,1,0,2,2,1,1,1,1,[DATE] SAMSTAG; [DATE] 08.04.; [TIME] 13 UHR; [LOC] MÜLLERSTRASSE 146,[TOPIC] KRITISCHE PERSPEKTIVE AUF DEN OSTERMARSCH ’23,0.0,0.0,1.0,1.0,1.0
0217.jpg,simple,1,1,1,1,2,2,1,1,3,3,[EVENT] GEGENKUNDGEBUNG; [TOPIC] AUFSTAND FÜR FRIEDEN; [DATE] SAMSTAG; [DATE] 25.02.; [TIME] 14 UHR; [LOC] Tiergarten; [LOC] US-Botschaft; [LOC] Platz des 18. März,,1.0,1.0,1.0,1.0,1.0
0218.jpg,simple,0,0,1,0,2,2,1,0,1,1,[DATE] Montag; [DATE] 09.01.2023; [LOC] Max-Schmeling-Halle,[TOPIC] CAPTAIN FAIL VS. BÖHMERMANN; [TIME] 18:00 Uhr,0.0,0.0,1.0,0.0,1.0
0219.jpg,skewed,3,2,0,0,1,0,3,2,2,2,[EVENT] Laufdemo; [EVENT] Rave; [TIME] 14:30; [TIME] 19 Uhr; [LOC] Leopoldplatz; [LOC] Mauerpark,[EVENT] Straßenfest; [DATE] 3.9.22; [TIME] 16-19 Uhr,0.6666666666666666,0.0,0.0,0.6666666666666666,1.0
0220.jpg,fancy,2,1,1,0,2,0,1,0,1,0,[EVENT] Kundgebung,[EVENT] PICKNICK; [TOPIC] Gegen Querdenken und Rechts; [DATE] 06.08; [DATE] SAMSTAG; [TIME] 14 Uhr; [LOC] MAUERPARK,0.5,0.0,0.0,0.0,0.0
0221.jpg,fancy,2,2,1,0,1,1,1,0,3,2,[EVENT] Friedenskundgebung; [EVENT] DEMO; [DATE] 25.06.22; [LOC] Antonplatz; [LOC] WEISSENSEE,[TOPIC] GEGEN KRIEG FASCHISMUS UND QUERFRONT; [TIME] 12³⁰ UHR; [LOC] ANTONPLATZ,1.0,0.0,1.0,0.0,0.6666666666666666
0222.jpg,skewed,0,0,2,0,1,0,1,0,1,0,,[TOPIC] GEGEN SOZIALE UNGERECHTIGKEIT UND KRIEG; [TOPIC] KEIN SCHULTERSCHLUSS MIT RECHTEN & ANTISEMIT:INNEN; [DATE] 1. MAI; [TIME] 13 UHR; [LOC] NETTELBECKPLATZ,0.0,0.0,0.0,0.0,0.0
0223.jpg,fancy,0,0,2,0,1,0,1,1,2,0,[TIME] 13:30 UHR,[TOPIC] Querdenken VERSENKEN; [TOPIC] AFD is a TRAP; [DATE] SAMSTAG; [LOC] GÖRLI; [LOC] SKALITZER,0.0,0.0,0.0,1.0,0.0
0224.jpg,skewed,1,0,1,1,3,3,1,1,1,0,[TOPIC] GEGEN QUERDENKEN UND RECHTS; [DATE] MONTAG; [DATE] 28.02.; [DATE] MONTAG; [TIME] 19 UHR,[EVENT] DEMO; [LOC] KASTANIENALLEE/ZIONSKIRCHSTRASSE,0.0,1.0,1.0,1.0,0.0
0225.jpg,fancy,1,1,1,0,1,0,1,1,2,2,[EVENT] Kundgebung; [TIME] 14.30; [LOC] Berlin; [LOC] Washingtonplatz,[TOPIC] Besser ohne die Junge Alternative.; [DATE] 11.12.21,1.0,0.0,0.0,1.0,1.0
0226.jpg,simple,1,1,1,0,1,0,1,0,1,0,[EVENT] DEMONSTRATION,[TOPIC] FEMINISM UNLIMITED; [DATE] 08. MÄRZ; [TIME] 13:00 Uhr; [LOC] S+U Schönhauser Allee,1.0,0.0,0.0,0.0,0.0
0227.jpg,fancy,1,1,2,0,2,0,1,0,2,1,[EVENT] DEMO; [LOC] 1070 WIEN,[TOPIC] RAUS ZUM FEMINISTISCHEN KAMPFTAG!; [TOPIC] FÜR EINEN UNIVERSELLEN FEMINISMUS!; [DATE] 8. MÄRZ; [DATE] 2025; [TIME] 19 UHR; [LOC] CEIJA STOJKA PLATZ,1.0,0.0,0.0,0.0,0.5
0228.jpg,skewed,1,0,0,0,1,1,0,0,2,2,[DATE] 19.04.2025; [LOC] Ludwigsfelde; [LOC] Waldfriedhof,[EVENT] Gedenkspaziergang,0.0,0.0,1.0,0.0,1.0
0229.jpg,skewed,1,0,1,0,2,0,1,0,1,0,,[EVENT] DEMO; [TOPIC] POLITISCH MOTIVIERTE ABSCHIEBUNGEN STOPPEN; [DATE] FR.; [DATE] 18. APRIL; [TIME] 16°°; [LOC] ALEX,0.0,0.0,0.0,0.0,0.0
0230.jpg,fancy,1,1,2,1,2,2,1,1,1,0,[EVENT] PunkRock_Lyrik; [TOPIC] gegen die Arbeit; [DATE] Donnerstag; [DATE] 17.04.25; [TIME] 19:00 Uhr,[TOPIC] PROPAGANDA DER YUPPIESCHWEINE; [LOC] RegenbogenCafé,1.0,0.5,1.0,1.0,0.0
0231.jpg,fancy,4,1,0,0,2,0,1,0,4,0,[EVENT] PROTEST,[EVENT] VORTRAG; [EVENT] VORTRAG; [EVENT] DISKUSSION; [DATE] Di; [DATE] 15. APRIL; [TIME] 18 UHR; [LOC] FU; [LOC] ROTEN CAFÉ; [LOC] IHNESTR. 22; [LOC] KELLER,0.25,0.0,0.0,0.0,0.0
0232.jpg,skewed,2,1,0,0,1,1,1,0,3,0,[EVENT] Diskussion; [DATE] 13.04.25,[EVENT] Frühlingsevent; [TIME] 15–21 Uhr; [LOC] Wagenplatz; [LOC] Lohmühle; [LOC] Lohmühlenstraße 17,0.5,0.0,1.0,0.0,0.0
0233.jpg,simple,1,1,1,0,1,1,1,1,1,1,[EVENT] DEMONSTRATION; [DATE] 05.04.2025; [TIME] 15:00; [LOC] U-BERNAUERSTRASSE,"[TOPIC] Für eine demokratische Lösung der kurdischen Frage und die Freilassung von Abdullah Öcalan, dem Repräsentanten des kurdischen Volkes.",1.0,0.0,1.0,1.0,1.0
0234.jpg,simple,1,0,1,1,1,1,1,1,3,2,[TOPIC] #TeslaTakedown; [DATE] 5. April; [TIME] 12 Uhr; [LOC] Tesla Store; [LOC] Wilhelmstr.,[EVENT] Kundgebung; [LOC] Berlin,0.0,1.0,1.0,1.0,0.6666666666666666
0235.jpg,simple,2,2,2,1,1,1,1,1,4,3,[EVENT] INFOTREFFEN; [EVENT] MOBI; [TOPIC] GEGEN DEN VETERANENTAG; [DATE] 3. April 2025; [TIME] 20:00; [LOC] Fischladen; [LOC] 10247 Berlin; [LOC] U-Bhf Samariterstrasse,[TOPIC] NEIN ZUM VETERANENTAG; [LOC] Rigaerstr. 83,1.0,0.5,1.0,1.0,0.75
0236.jpg,simple,3,3,1,0,1,1,1,0,2,2,[EVENT] STAMMTISCH; [EVENT] Diskussion; [EVENT] Abendessen; [DATE] 1. April; [LOC] Maggie; [LOC] Frankfurter Allee 205,[TOPIC] GEGEN 500 MILLIARDEN KRIEGSKREDITE; [TIME] 19:00 ,1.0,0.0,1.0,0.0,1.0
0237.jpg,simple,1,0,2,2,2,2,1,1,4,3,[TOPIC] Gerechtigkeit für Cleo!; [TOPIC] Gegen Racial Profiling und Transmisogynoir!; [DATE] Mo; [DATE] 31. März; [TIME] 12 Uhr; [LOC] Justizzentrum; [LOC] Potsdam; [LOC] 14469 Potsdam,[EVENT] Kundgebung; [LOC] Jägerallee 10-12,0.0,1.0,1.0,1.0,0.75
0238.jpg,fancy,2,0,0,0,1,0,3,0,3,1,[LOC] CAFE U,[EVENT] BLEIBERECHTSKAMPF ABEND; [EVENT] PARTY; [DATE] 28.03; [TIME] 18.00 - 20.00; [TIME] 20.00 - 23.00; [TIME] 23.00; [LOC] Bernkastelerstr. 78; [LOC] 13088 Berlin,0.0,0.0,0.0,0.0,0.3333333333333333
0239.jpg,photo,1,0,1,0,1,0,1,0,2,0,,[EVENT] PUNK Abend; [TOPIC] Vergessene Arbeitskämpfe; [DATE] 24.11.; [TIME] 21 UHR; [LOC] Roter Salon; [LOC] VOLKSBÜHNE,0.0,0.0,0.0,0.0,0.0
0240.jpg,simple,1,1,2,2,2,2,1,1,2,2,[EVENT] Demonstration; [TOPIC] Antisemitismus und Rassismus töten; [TOPIC] rechter Terror bedroht unsere Gesellschaft!; [DATE] Sonntag; [DATE] 13.10.2019; [TIME] 13 Uhr; [LOC] Bebelplatz; [LOC] Berlin-Mitte,,1.0,1.0,1.0,1.0,1.0
0241.jpg,simple,1,0,6,6,1,0,1,0,1,0,[TOPIC] auf die ersten 20 Artikel unserer Verfassung!; [TOPIC] auf die Würde der Alten & der Kranken!; [TOPIC] auf Beendigung des obrigkeitsstaatlichen Terrors!; [TOPIC] auf Beendigung des Notstands-Regimes!; [TOPIC] auf Wahlen & umfassende Transparenz!; [TOPIC] auf demokratische Regeln für unser künftiges Wirtschaftssystem!,[EVENT] Spaziergang; [DATE] 19.12.2020; [TIME] 14:30 Uhr; [LOC] Rosa-Luxemburg-Platz,0.0,1.0,0.0,0.0,0.0
0242.jpg,photo,1,0,3,0,1,0,1,0,2,0,,[EVENT] DEMO; [TOPIC] SCHAUT NICHT WEG!; [TOPIC] Stoppt die Nazikampf- trainings; [TOPIC] KEINEN RAUM DEM III. WEG!; [DATE] 06.10.2024; [TIME] 13 Uhr; [LOC] Weißensee; [LOC] Antonplatz,0.0,0.0,0.0,0.0,0.0
